date,open,high,low,close,volume,is_anomaly,symbol,daily_return,ma_5,ma_20,volatility,volume_change,target_1w,target_2w,target_3w,target_4w,sector_Automobile,sector_Banking,sector_Cement,sector_Energy,sector_Fertilizer,sector_Financial Services,sector_Power,sector_Technology
2026-08-20,320.36,324.0,315.75,317.14,584457,False,HBL,-0.010051192408540466,0.9760015756852076,1.003291685054864,0.00556171182848878,-0.0727173205984547,0.02727502049568025,-0.010910008198271993,-0.04568960080721451,,False,True,False,False,False,False,False,False
2026-08-21,318.99,320.89,313.3,316.72,1027545,False,HBL,-0.0013243362552814997,0.9853773878414538,0.9986095390038499,0.007615452365266187,0.7581190746282447,0.004199292750694569,-0.0156289467037132,-0.05667466531952527,,False,True,False,False,False,False,False,False
2026-08-24,317.06,319.48,315.22,316.61,839847,False,HBL,-0.00034730992674925076,0.991711980354324,0.994404687311062,0.006340959988534409,-0.18266645256412128,-0.002811029342092752,-0.019329774801806653,-0.0562837560405546,,False,True,False,False,False,False,False,False
2026-08-25,316.61,320.88,316.0,318.63,551373,False,HBL,0.006380089068570127,1.0023215431656034,0.9991094777902507,0.008662538142228825,-0.34348399172706456,-0.01861092803565266,-0.031760976681417336,-0.07682892383014787,,False,True,False,False,False,False,False,False
2026-08-27,323.0,324.0,318.9,321.12,1263476,False,HBL,0.007814706713115571,1.00967161776358,1.0046679264645149,0.007131865509803988,1.2915086520377312,-0.02164299950174386,-0.04960762331838567,-0.07383532635774782,,False,True,False,False,False,False,False,False
2026-08-28,321.12,329.0,320.0,325.79,1382100,False,HBL,0.014542850024912957,1.0188132868838617,1.0156973390905832,0.006492890110514248,0.09388702278476213,-0.037171183891463865,-0.07102734890573695,,,False,True,False,False,False,False,False,False
2026-08-31,325.0,325.0,317.0,318.05,1780414,False,HBL,-0.023757635286534295,0.9937820272465939,0.9889845067904257,0.014777712441526113,0.2881947760654078,-0.01974532306241166,-0.06061939946549294,,,False,True,False,False,False,False,False,False
2026-09-01,319.0,320.0,315.0,315.72,667279,False,HBL,-0.007325892155321423,0.98705066559954,0.9799034746038889,0.01525010624989263,-0.6252113272530996,-0.016565311035094444,-0.053623463828709,,,False,True,False,False,False,False,False,False
2026-09-02,314.99,314.99,311.2,312.7,3360264,False,HBL,-0.00956543772963403,0.9812474111636897,0.9700094302163984,0.015126471272260288,4.035770644662877,-0.013399424368404215,-0.05932203389830512,,,False,True,False,False,False,False,False,False
2026-09-03,312.7,317.4,312.7,314.17,876064,False,HBL,0.004700991365526042,0.9901792074027849,0.9734853297059125,0.014590660292532328,-0.73928715124764,-0.028583251106089117,-0.053346914091097146,,,False,True,False,False,False,False,False,False
2026-09-04,314.17,316.0,312.91,313.68,310587,False,HBL,-0.0015596651494413916,0.9962396463234919,0.9732275549240016,0.010639064907620004,-0.6454745315410746,-0.035163223667431874,,,,False,True,False,False,False,False,False,False
2026-09-07,313.5,314.0,310.88,311.77,340023,False,HBL,-0.006089007906146526,0.994139180122956,0.9693813303069639,0.005658111682673193,0.09477537694752192,-0.04169740513840331,,,,False,True,False,False,False,False,False,False
2026-09-08,311.85,313.49,307.01,310.49,1116402,False,HBL,-0.004105590659781111,0.9933709152104222,0.9675268220783956,0.005355489267151172,2.2833131876373067,-0.03768237302328574,,,,False,True,False,False,False,False,False,False
2026-09-09,311.0,311.92,307.55,308.51,304627,False,HBL,-0.006377016973171501,0.9896895972077862,0.9640154237468205,0.004556741663734725,-0.7271350284216618,-0.046546303199248046,,,,False,True,False,False,False,False,False,False
2026-09-10,308.51,311.5,304.0,305.19,499408,False,HBL,-0.010761401575313578,0.984712578405307,0.9579096045197739,0.003386780882580242,0.6394081942835008,-0.02549231626200063,,,,False,True,False,False,False,False,False,False
2026-09-11,301.03,305.0,299.0,302.65,4847380,False,HBL,-0.008322684229496446,0.9835175905525116,0.9552607200516372,0.0025202810560911427,8.706252202607887,,,,,False,True,False,False,False,False,False,False
2026-09-14,301.0,302.97,296.5,298.77,1204191,False,HBL,-0.012820089211960983,0.9791820976527422,0.9483331878526253,0.003450502699409095,-0.7515789973140129,,,,,False,True,False,False,False,False,False,False
2026-09-15,298.03,301.97,297.75,298.79,395914,False,HBL,6.694112528049523e-05,0.986815596699936,0.9527271451825564,0.004950620082691858,-0.6712199310574485,,,,,False,True,False,False,False,False,False,False
2026-09-16,297.5,297.9,291.45,294.15,1681546,False,HBL,-0.01552930151611509,0.9807942382714815,0.9426358874605232,0.005955574603688084,3.247250665548579,,,,,False,True,False,False,False,False,False,False
2026-09-17,297.24,301.0,294.33,297.41,1368143,False,HBL,0.011082780894101862,0.9968359733739116,0.9566006117663709,0.010808970572232679,-0.18637789272490912,,,,,False,True,False,False,False,False,False,False
2026-08-20,454.0,457.9,443.75,447.93,1393525,False,UBL,-0.012630604417405156,0.9731515920467185,0.960520305956371,0.008427487746406986,-0.39375898360416106,0.02404393543634046,-0.01585069095617624,-0.05000781372089397,,False,True,False,False,False,False,False,False
2026-08-21,448.01,453.49,442.01,446.43,1896516,False,UBL,-0.003348737525952661,0.9795974791981183,0.9578881530458218,0.007235681768565463,0.3609486733284297,0.009699168962659283,-0.03908787491880023,-0.07248616804426229,,False,True,False,False,False,False,False,False
2026-08-24,448.16,452.0,441.77,444.89,1153839,False,UBL,-0.0034495889613154196,0.9865004501328223,0.9547692320898948,0.006622110420945429,-0.39160070360598065,0.009463013329137621,-0.04888848928948729,-0.05828407021960486,,False,True,False,False,False,False,False,False
2026-08-25,449.49,463.13,444.89,456.97,1572644,False,UBL,0.027152779338712962,1.0155430511849521,0.9829023980521339,0.01748642670593233,0.3629665837261524,-0.026982077598091868,-0.06761931855482861,-0.08127448191347363,,False,True,False,False,False,False,False,False
2026-08-27,458.0,462.0,457.2,459.85,1133517,False,UBL,0.006302383088605312,1.0191394770552331,0.9905330159721699,0.015168159901877353,-0.27922848400528033,-0.036185712732412834,-0.08122213765358273,-0.08050451234098084,,False,True,False,False,False,False,False,False
2026-08-28,459.85,461.11,457.0,458.7,1749780,False,UBL,-0.002500815483309826,1.0117608653455912,0.9891649028679744,0.013130675712357149,0.5436733635225586,-0.03895792456943537,-0.07231305864399393,,,False,True,False,False,False,False,False,False
2026-08-31,457.99,457.99,448.6,450.76,1000114,False,UBL,-0.017309788532810066,0.9923519595626923,0.9744803157181323,0.016385881873809124,-0.42843443175713514,-0.048318395598544624,-0.08139586476173573,,,False,True,False,False,False,False,False,False
2026-09-01,450.8,452.99,448.3,449.1,984373,False,UBL,-0.003682669269677752,0.9868681275215568,0.9725852663402338,0.016405719440493346,-0.015739205730546768,-0.05780449788465828,-0.06711200178134055,,,False,True,False,False,False,False,False,False
2026-09-02,445.0,447.0,442.0,444.64,598596,False,UBL,-0.009930973057225678,0.9823910209672786,0.9653359212256015,0.008812917724320225,-0.39190124068823506,-0.04176412378553435,-0.055797948902482915,,,False,True,False,False,False,False,False,False
2026-09-03,445.3,448.0,442.03,443.21,945354,False,UBL,-0.0032160849226340327,0.986485102897512,0.9642724660951216,0.006322767651975175,0.5792855281358378,-0.0467272850341824,-0.04598271699645765,,,False,True,False,False,False,False,False,False
2026-09-04,443.0,444.0,438.79,440.83,686926,False,UBL,-0.005369914938742393,0.9890556148868767,0.9622987070536846,0.005890569228897197,-0.2733663791553217,-0.03470725676564665,,,,False,True,False,False,False,False,False,False
2026-09-07,440.0,441.0,427.8,428.98,1673019,False,UBL,-0.02688111063221643,0.9719679530170929,0.941471331519801,0.009901710923221408,1.4355156159469868,-0.03475686512191716,,,,False,True,False,False,False,False,False,False
2026-09-08,429.99,430.0,417.28,423.14,1800774,False,UBL,-0.013613688283836134,0.9701485693323552,0.9340457398538913,0.009344145079139927,0.07636195404834023,-0.009878527201399081,,,,False,True,False,False,False,False,False,False
2026-09-09,423.14,432.52,417.99,426.07,1288999,False,UBL,0.006924422177057243,0.9852559625941736,0.9454271918768749,0.012645368826782332,-0.284197239631403,-0.014645480789541646,,,,False,True,False,False,False,False,False,False
2026-09-10,426.07,429.4,420.65,422.5,1989041,False,UBL,-0.008378904874785764,0.9864488774328515,0.9424271793767934,0.012319648948648582,0.5430896377731869,0.0007810650887573587,,,,False,True,False,False,False,False,False,False
2026-09-11,419.0,427.5,413.76,425.53,1706766,False,UBL,0.007171597633136129,1.0006725550507471,0.9537780845989708,0.014453499912631675,-0.14191512392152805,,,,,False,True,False,False,False,False,False,False
2026-09-14,423.0,423.0,411.11,414.07,1746351,False,UBL,-0.02693112119004526,0.9805997224472011,0.9338646891929075,0.014470743051651627,0.02319298603323472,,,,,False,True,False,False,False,False,False,False
2026-09-15,418.98,421.89,416.12,418.96,780031,False,UBL,0.011809597411065687,0.9941484388718302,0.9502165974915515,0.015942465151469857,-0.5533366430917954,,,,,False,True,False,False,False,False,False,False
2026-09-16,417.97,421.49,414.01,419.83,1903625,False,UBL,0.002076570555661572,0.9991717795791307,0.9567630084149475,0.015411655481136644,1.440447879635553,,,,,False,True,False,False,False,False,False,False
2026-09-17,421.84,424.3,420.0,422.83,950745,False,UBL,0.007145749470023555,1.0061535679272042,0.9669968279814574,0.015582311892814508,-0.5005607722109133,,,,,False,True,False,False,False,False,False,False
2026-08-20,57.03,57.03,56.3,56.75,2319090,False,BAFL,0.0,0.9918554250559283,0.9804090940501693,0.004126970840350262,-0.047479203692302185,0.02713656387665197,-0.008986784140969128,-0.02748898678414101,,False,True,False,False,False,False,False,False
2026-08-21,56.89,56.89,56.0,56.32,3516091,False,BAFL,-0.007577092511013239,0.9891808346213292,0.9728795992399378,0.004128879209649373,0.5161511627405577,0.04190340909090908,-0.0015980113636364242,-0.03693181818181815,,False,True,False,False,False,False,False,False
2026-08-24,56.5,57.5,56.32,57.06,2185419,False,BAFL,0.013139204545454586,1.003764556872955,0.9843361854816451,0.009157556496668532,-0.3784520935322777,0.0056081317910970955,-0.02120574833508589,-0.009288468279004576,,False,True,False,False,False,False,False,False
2026-08-25,57.49,57.69,56.52,57.35,2424501,False,BAFL,0.005082369435681633,1.0088660591774268,0.9894840362667034,0.009556802086895686,0.10939870111864125,-0.0163905841325197,-0.028770706190061,-0.03260680034873591,,False,True,False,False,False,False,False,False
2026-08-27,57.35,58.0,57.25,57.9,1408230,False,BAFL,0.009590235396687019,1.0144368911626602,0.9983016802158676,0.008154222337481778,-0.4191670780915331,-0.02590673575129534,-0.04991364421416236,-0.017443868739205493,,False,True,False,False,False,False,False,False
2026-08-28,57.94,58.49,57.4,58.29,2211415,False,BAFL,0.006735751295336767,1.015788373065663,1.0040478856256998,0.007869930685652463,0.5703507239584442,-0.03516898267284264,-0.05318236404185969,,,False,True,False,False,False,False,False,False
2026-08-31,57.7,59.35,57.7,58.68,2732792,False,BAFL,0.006690684508491973,1.014242256637168,1.009904568492974,0.003180362467718316,0.23576624016749448,-0.04175187457396051,-0.07566462167689157,,,False,True,False,False,False,False,False,False
2026-09-01,58.47,58.47,56.5,57.38,5056834,False,BAFL,-0.02215405589638708,0.9906767955801105,0.9882028760871435,0.013149831963739358,0.8504276944604638,-0.026664342976646934,-0.014813523875914976,,,False,True,False,False,False,False,False,False
2026-09-02,56.9,56.9,56.15,56.41,1781335,False,BAFL,-0.016904844893691262,0.9771010877849373,0.9733917725013804,0.015059993087380557,-0.6477371019100093,-0.012586420847367379,-0.01648643857472079,,,False,True,False,False,False,False,False,False
2026-09-03,56.73,57.03,56.39,56.4,1448336,False,BAFL,-0.00017727353306151716,0.9820309235269535,0.9751458828614653,0.013541736259276916,-0.18693788647278586,-0.024645390070921997,0.008687943262411383,,,False,True,False,False,False,False,False,False
2026-09-04,56.88,57.0,56.14,56.24,1668835,False,BAFL,-0.0028368794326240065,0.9862859948791693,0.9746798149078872,0.012031605595709767,0.15224298781498224,-0.018669985775249007,,,,False,True,False,False,False,False,False,False
2026-09-07,56.3,56.53,56.05,56.23,1571232,False,BAFL,-0.0001778093883357812,0.9946578928748319,0.9769870296849072,0.01033996872885787,-0.05848571009117143,-0.03539036101725049,,,,False,True,False,False,False,False,False,False
2026-09-08,56.38,56.5,55.31,55.85,2416979,False,BAFL,-0.006757958385203544,0.9933127023085406,0.9730643250400725,0.006987829097356565,0.5382699690434003,0.012175470008952546,,,,False,True,False,False,False,False,False,False
2026-09-09,56.22,56.22,55.61,55.7,628613,False,BAFL,-0.0026857654431512445,0.9931531274516798,0.9739635244540035,0.002695466169848519,-0.7399178892327984,-0.00394973070017964,,,,False,True,False,False,False,False,False,False
2026-09-10,55.52,55.66,54.98,55.01,4176942,False,BAFL,-0.01238779174147231,0.985736300756191,0.9658841500886697,0.004768475866298964,5.644695543999249,0.03417560443555722,,,,False,True,False,False,False,False,False,False
2026-09-11,55.02,55.47,54.0,55.19,3626665,False,BAFL,0.003272132339574574,0.9926973163536944,0.9715779559717979,0.006059346304736245,-0.13174159468817137,,,,,False,True,False,False,False,False,False,False
2026-09-14,55.08,55.08,53.95,54.24,10179833,False,BAFL,-0.017213263272331858,0.9826442987064749,0.9577877645438412,0.008021962926122792,1.80694053627782,,,,,False,True,False,False,False,False,False,False
2026-09-15,54.97,56.75,54.97,56.53,2255314,False,BAFL,0.04221976401179939,1.0216141974193085,0.9990898085063138,0.02353352751986273,-0.7784527506492493,,,,,False,True,False,False,False,False,False,False
2026-09-16,56.5,57.0,55.15,55.48,2620105,False,BAFL,-0.018574208384928403,1.0034364261168385,0.9821555020535334,0.025428971004333646,0.16174732210237686,,,,,False,True,False,False,False,False,False,False
2026-09-17,55.88,57.0,55.12,56.89,1665014,False,BAFL,0.025414563806777313,1.0219882872848778,1.0069917691831138,0.026616462742505155,-0.3645239408344322,,,,,False,True,False,False,False,False,False,False
2026-08-20,407.99,408.5,404.5,405.45,77311,False,MCB,7.399733609592118e-05,0.9835767308718646,0.9843360799413451,0.01660412236211925,-0.01811092624814259,-0.006831915155999462,-0.014477740781847341,-0.03260574670119613,,False,True,False,False,False,False,False,False
2026-08-21,404.5,409.0,401.55,405.24,76004,False,MCB,-0.0005179430262670648,0.9904097134645276,0.9833953152584738,0.01636067178010863,-0.01690574433133707,7.40302043232966e-05,-0.028625012338367443,-0.04952620669233045,,False,True,False,False,False,False,False,False
2026-08-24,406.0,406.17,399.55,400.82,266496,False,MCB,-0.010907116770308978,0.990075042362624,0.9728109508582664,0.014961323313544215,2.5063417714857112,-0.0016216755650915056,-0.00493987325981742,-0.0253729853799711,,False,True,False,False,False,False,False,False
2026-08-25,401.97,403.5,398.51,400.21,143109,False,MCB,-0.0015218801457013154,0.9920233598064586,0.9725106160659504,0.0045132693134969275,-0.462997568443804,-0.00574698283401203,-0.019015017116013985,-0.02548661952474948,,False,True,False,False,False,False,False,False
2026-08-27,400.22,405.0,400.22,402.99,117990,False,MCB,0.006946353164588581,1.0001191238441265,0.9799994893176188,0.006379302191631057,-0.17552355197786307,-0.011786892975011787,-0.032085163403558416,-0.03131591354624185,,False,True,False,False,False,False,False,False
2026-08-28,402.99,406.0,401.0,402.68,83540,False,MCB,-0.000769249857316523,1.0007256677634522,0.9797459638519773,0.006348759926448934,-0.29197389609288926,-0.007698420582099987,-0.025951127446111028,,,False,True,False,False,False,False,False,False
2026-08-31,402.5,406.49,401.11,405.27,154736,False,MCB,0.006431906228270501,1.007147223865167,0.9862539652023453,0.007271310402359319,0.8522384486473547,-0.028696918103980052,-0.04959656525279435,,,False,True,False,False,False,False,False,False
2026-09-01,405.0,405.0,398.0,400.17,117847,False,MCB,-0.01258420312384323,0.9947944633375098,0.974851002512829,0.00791269591931941,-0.23839959673249922,-0.0033235874753230897,-0.02378988929704885,,,False,True,False,False,False,False,False,False
2026-09-02,400.0,402.17,397.01,397.91,101263,False,MCB,-0.0056475997700976555,0.990308707728146,0.9705204800528785,0.0082786982031377,-0.14072483813758518,-0.013344726194365565,-0.019853735769395173,,,False,True,False,False,False,False,False,False
2026-09-03,401.98,402.0,397.12,398.24,153370,False,MCB,0.000829333266316512,0.9934789225004614,0.9722596907977857,0.00716487726873116,0.5145709686657516,-0.02054037766171155,-0.01976195259140218,,,False,True,False,False,False,False,False,False
2026-09-04,398.25,401.99,398.25,399.58,39844,False,MCB,0.0033648051426276027,0.9983659559157891,0.97762434690275,0.007616875421344707,-0.7402099497946144,-0.018394314029731133,,,,False,True,False,False,False,False,False,False
2026-09-07,399.51,400.0,392.0,393.64,264511,False,MCB,-0.014865608889333748,0.9892739025101279,0.9666032725134165,0.008002714290167582,5.638665796606767,-0.021517122243674348,,,,False,True,False,False,False,False,False,False
2026-09-08,394.95,404.0,390.0,398.84,352905,False,MCB,0.013210039630118908,1.0030127602215058,0.9819134806302031,0.0104578122817102,0.3341789188351336,-0.02053455019556714,,,,False,True,False,False,False,False,False,False
2026-09-09,403.49,403.49,391.71,392.6,289435,False,MCB,-0.01564537157757484,0.9899641938574816,0.9696281157576917,0.012429010216206845,-0.17985010130205015,-0.006597045338767274,,,,False,True,False,False,False,False,False,False
2026-09-10,393.96,394.0,389.65,390.06,900992,False,MCB,-0.006469689251146216,0.9876336898395723,0.9667872899420017,0.012350793302404474,2.112933819337675,0.0007947495257139986,,,,False,True,False,False,False,False,False,False
2026-09-11,386.0,394.0,386.0,392.23,153550,False,MCB,0.0055632466799979685,0.9968384188027672,0.975504813730635,0.012715875481032701,-0.8295767332007388,,,,,False,True,False,False,False,False,False,False
2026-09-14,392.23,392.23,384.0,385.17,1107317,False,MCB,-0.017999643066568094,0.983128286283118,0.9621757056692101,0.013462775726735548,6.2114425268642135,,,,,False,True,False,False,False,False,False,False
2026-09-15,389.97,392.0,388.02,390.65,391989,False,MCB,0.014227483968117793,1.0013020900082534,0.9797565468629106,0.013796556792419553,-0.6460010999560198,,,,,False,True,False,False,False,False,False,False
2026-09-16,388.03,390.9,388.03,390.01,319155,False,MCB,-0.0016382951491104025,1.0009906987249244,0.9802719053735116,0.012185220731769336,-0.1858062343586172,,,,,False,True,False,False,False,False,False,False
2026-09-17,390.51,391.99,389.5,390.37,408637,False,MCB,0.0009230532550448256,1.0017552593626664,0.983036036932158,0.011839158687677149,0.2803716062728141,,,,,False,True,False,False,False,False,False,False
2026-08-20,177.99,178.0,175.45,176.0,47092,False,ABL,-0.008618261702247554,0.9913482335976929,0.9895423366692904,0.0034957173575006465,-0.07946126629786732,-0.037102272727272734,-0.027215909090909044,-0.032897727272727224,,False,True,False,False,False,False,False,False
2026-08-21,177.96,177.96,175.0,175.79,60796,False,ABL,-0.0011931818181818432,0.9928160757248874,0.9883171790316414,0.003447532782113734,0.2910048415866815,-0.035610671824335804,-0.0350418112520621,-0.03828431651402236,,False,True,False,False,False,False,False,False
2026-08-24,175.8,177.0,175.0,175.72,32120,False,ABL,-0.0003982024005916296,0.9949831829043181,0.9877348202943194,0.003518284476706268,-0.471675768142641,-0.030616890507625744,-0.037047575688595444,-0.02020259503755982,,False,True,False,False,False,False,False,False
2026-08-25,176.99,177.0,172.95,173.02,174920,False,ABL,-0.01536535397222849,0.9852401885975902,0.9743159459626876,0.0063253351258008616,4.4458281444582815,-0.01410241590567563,-0.017165645590105184,-0.018899549185065367,,False,True,False,False,False,False,False,False
2026-08-27,173.62,175.72,170.02,171.25,244736,False,ABL,-0.010230031210264778,0.9821858725825323,0.9663812197565,0.006328591343293735,0.3991310313286074,-0.0028613138686131917,-0.010160583941605893,-0.006131386861313935,,False,True,False,False,False,False,False,False
2026-08-28,168.19,171.0,166.5,169.47,2268999,False,ABL,-0.010394160583941603,0.9793123374747182,0.9583482954497259,0.006478873432011287,8.271210610617155,0.010267303947601399,0.0043665545524282125,,,False,True,False,False,False,False,False,False
2026-08-31,170.0,171.0,169.0,169.53,172770,False,ABL,0.0003540449637104981,0.9867984493416687,0.9609291305555399,0.006880853420522577,-0.9238562908137025,0.0005898661003951767,-0.0027723706718574817,,,False,True,False,False,False,False,False,False
2026-09-01,169.55,171.1,169.55,170.34,105280,False,ABL,0.0047779154132012724,0.997762444207542,0.9674698624107232,0.008386028914470328,-0.39063494819702493,-0.006633791241047291,0.010743219443465915,,,False,True,False,False,False,False,False,False
2026-09-02,170.34,171.9,169.5,170.58,95389,False,ABL,0.001408946812257783,1.0020324964460683,0.9708898115763442,0.007034971329121946,-0.0939494680851064,-0.003107046547074693,-0.004865752139758544,,,False,True,False,False,False,False,False,False
2026-09-03,171.47,173.98,170.04,170.76,76038,False,ABL,0.0010552233556100354,1.0036676541120044,0.9734490572491341,0.005755980168633039,-0.20286406189392903,-0.007320215507144531,-0.003279456547200763,,,False,True,False,False,False,False,False,False
2026-09-04,170.76,172.9,170.01,171.21,23071,False,ABL,0.002635277582572204,1.004258464137397,0.9782031138408799,0.0017364328712587739,-0.696585917567532,-0.005840780328251854,,,,False,True,False,False,False,False,False,False
2026-09-07,172.0,172.0,168.51,169.63,71789,False,ABL,-0.009228432918637952,0.9948740205508375,0.9722950645837094,0.005430274926836946,2.1116553248667156,-0.0033602546719329906,,,,False,True,False,False,False,False,False,False
2026-09-08,170.0,171.94,169.0,169.21,35760,False,ABL,-0.0024759771266874564,0.993727903780876,0.9728934106465738,0.0048117732404362595,-0.5018735460864479,0.017493055965959337,,,,False,True,False,False,False,False,False,False
2026-09-09,170.89,171.0,169.22,170.05,32284,False,ABL,0.004964245611961404,0.9992830782972523,0.9799825383881722,0.005525763887061751,-0.09720357941834457,-0.0017641870038224718,,,,False,True,False,False,False,False,False,False
2026-09-10,170.98,170.98,169.0,169.51,54588,False,ABL,-0.0031755366068804136,0.9975753581054837,0.9792464002541846,0.00553095784868679,0.6908685416924794,0.004070556309362266,,,,False,True,False,False,False,False,False,False
2026-09-11,167.0,170.95,166.0,170.21,54997,False,ABL,0.004129549879063221,1.0028752901804125,0.98559334792528,0.005839081204583057,0.007492489191763818,,,,,False,True,False,False,False,False,False,False
2026-09-14,170.9,172.45,168.0,169.06,22225,False,ABL,-0.0067563597908466555,0.9967690203292298,0.9815202940032397,0.0050339643213415195,-0.5958870483844574,,,,,False,True,False,False,False,False,False,False
2026-09-15,162.45,173.0,162.45,172.17,34982,False,ABL,0.018395835797941462,1.0115746180963572,1.0012707071470734,0.009671883359345988,0.5739932508436445,,,,,False,True,False,False,False,False,False,False
2026-09-16,172.08,172.08,169.51,169.75,9326,False,ABL,-0.014055875007260243,0.9977077700717057,0.9895680003730919,0.012332196632086128,-0.7334057515293579,,,,,False,True,False,False,False,False,False,False
2026-09-17,171.94,171.94,169.5,170.2,18070,False,ABL,0.0026509572901325384,0.9995419255570303,0.9943156923112874,0.012266768760389766,0.9375938237186361,,,,,False,True,False,False,False,False,False,False
2026-08-20,315.1,323.5,315.1,319.46,8218835,False,OGDC,0.016288095692562177,1.0055208274316505,1.0060829185411702,0.01359322816948125,0.8023089051504659,0.017967820697426938,0.02923683716271218,0.004288486821511315,,False,False,False,True,False,False,False,False
2026-08-21,320.02,328.5,317.0,325.82,7375968,False,OGDC,0.0199085957553371,1.0208224980731513,1.0238764133215175,0.016010539544780284,-0.10255309907061039,0.008839236388189784,-0.015836965195506623,-0.03280952673255171,,False,False,False,True,False,False,False,False
2026-08-24,327.0,335.0,327.0,331.09,8635533,False,OGDC,0.016174574918666584,1.031009055466288,1.0370625592194387,0.01680383018756315,0.17076606080720524,0.0018121960796158832,-0.030354284333564758,-0.0489897006856141,,False,False,False,True,False,False,False,False
2026-08-25,332.89,333.43,326.9,327.43,2999058,False,OGDC,-0.011054396085656393,1.0117480564104464,1.0249595797862934,0.01359286854962138,-0.6527072503804918,0.0030846287756161345,-0.016033961457410744,-0.04058882814647412,,False,False,False,True,False,False,False,False
2026-08-27,328.0,330.97,323.0,323.88,2768188,False,OGDC,-0.010842012033106307,0.9949130050132706,1.0133901542707222,0.015630711921877594,-0.07698083865000271,0.00969494874644926,-0.024577003828578425,-0.023712486105965193,,False,False,False,True,False,False,False,False
2026-08-28,323.87,327.5,322.1,325.2,1821529,False,OGDC,0.004075583549462802,0.9954573838939159,1.0162245943851405,0.014557005879581109,-0.34197785699526184,0.011070110701107081,-0.013437884378843802,,,False,False,False,True,False,False,False,False
2026-08-31,325.5,329.99,323.1,328.7,2824524,False,OGDC,0.010762607626076282,1.0044001711177657,1.0248080238695776,0.012421637162411384,0.550633561145609,-0.024459993915424288,-0.04128384545177972,,,False,False,False,True,False,False,False,False
2026-09-01,330.0,334.98,329.51,331.69,6607093,False,OGDC,0.00909644052327363,1.0131651292076487,1.0312926058412657,0.010654897477769609,1.3391881251495827,-0.03210829388887207,-0.050710000301486306,,,False,False,False,True,False,False,False,False
2026-09-02,330.5,330.55,327.7,328.44,2363824,False,OGDC,-0.009798305646838923,1.0026191915306701,1.0197054887874,0.010326844289022879,-0.6422293435252084,-0.01905979783217632,-0.04353915479235176,,,False,False,False,True,False,False,False,False
2026-09-03,331.7,331.7,325.85,327.02,2136582,False,OGDC,-0.004323468517841933,0.9963742725693916,1.013266158205482,0.008812350329957298,-0.096133214655575,-0.03394287811143039,-0.033086661366277276,,,False,False,False,True,False,False,False,False
2026-09-04,327.0,334.1,327.0,328.8,8517799,False,OGDC,0.005443092165616781,0.9996047791323383,1.0168123489509482,0.008914948984044765,2.9866473648097758,-0.024239659367396676,,,,False,False,False,True,False,False,False,False
2026-09-07,328.44,328.7,320.25,320.66,2979650,False,OGDC,-0.024756690997566833,0.9796469531531642,0.9913068209922344,0.01343027064555082,-0.6501854528382274,-0.01724568078338436,,,,False,False,False,True,False,False,False,False
2026-09-08,321.0,322.5,318.23,321.04,2759204,False,OGDC,0.0011850558223662766,0.9872321582326749,0.9921978461790463,0.011732518280190757,-0.07398385716443201,-0.019218788935958183,,,,False,False,False,True,False,False,False,False
2026-09-09,321.3,324.47,320.01,322.18,1800494,False,OGDC,0.003550959382008445,0.9945668951040316,0.995967349285669,0.012285938068491318,-0.347458904814577,-0.024954994102675584,,,,False,False,False,True,False,False,False,False
2026-09-10,322.0,322.0,314.7,315.92,2261016,False,OGDC,-0.019430132224222407,0.9819719010319532,0.9772756800900806,0.014166507703617761,0.25577535942913454,0.0008863003291971788,,,,False,False,False,True,False,False,False,False
2026-09-11,314.5,322.97,311.4,320.83,2941107,False,OGDC,0.015541909344137572,1.0021991340909515,0.9921713005413444,0.016820087069796607,0.3007899988323832,,,,,False,False,False,True,False,False,False,False
2026-09-14,319.5,323.0,312.96,315.13,3315903,False,OGDC,-0.01776641835239845,0.9878064071218104,0.9750490417520127,0.014928934103642466,0.1274336499828126,,,,,False,False,False,True,False,False,False,False
2026-09-15,317.0,319.0,314.0,314.87,1499010,False,OGDC,-0.000825056325960638,0.9908240136444024,0.9752146745232251,0.014801665531857125,-0.5479330969572994,,,,,False,False,False,True,False,False,False,False
2026-09-16,314.0,315.97,313.66,314.14,2470185,False,OGDC,-0.0023184171245276275,0.9935542637375149,0.9730757793527284,0.014298540860197462,0.6478775992154822,,,,,False,False,False,True,False,False,False,False
2026-09-17,315.7,317.5,312.2,316.2,2246109,False,OGDC,0.006557585789775278,0.9998924846790667,0.9791747309746844,0.012308241580455011,-0.09071223410392337,,,,,False,False,False,True,False,False,False,False
2026-08-20,237.5,242.5,234.0,237.89,9734100,False,PPL,0.006004990062164373,1.010509056308832,1.0597899932730133,0.022123380175015188,-0.40760299121509946,-0.0034049350540164528,-0.04455840934885869,-0.07999495565177171,,False,False,False,True,False,False,False,False
2026-08-21,239.26,241.75,235.01,240.66,8164123,False,PPL,0.011644037160031928,1.013629624637779,1.0654848606935878,0.02214343490493267,-0.16128630279121847,-0.025596276905177413,-0.07242582897033162,-0.08626277736225377,,False,False,False,True,False,False,False,False
2026-08-24,242.02,250.0,242.0,245.66,22019239,False,PPL,0.02077619878666992,1.0289510278620135,1.0793639634968824,0.01793015695647202,1.6970734027402576,-0.054628348123422564,-0.09887649597003986,-0.10486037612961,,False,False,False,True,False,False,False,False
2026-08-25,246.75,247.7,242.63,243.52,5718456,False,PPL,-0.008711226898965974,1.0111277196478992,1.0655488438541258,0.011179833308220128,-0.7402972918364707,-0.06796156373193171,-0.09695302233902765,-0.10467312746386337,,False,False,False,True,False,False,False,False
2026-08-27,244.26,245.44,236.8,237.63,5198412,False,PPL,-0.02418692509855458,0.9857221079179666,1.0364228734424,0.017734690957535045,-0.09094133101662405,-0.05146656566931781,-0.10280688465261123,-0.05100366115389473,,False,False,False,True,False,False,False,False
2026-08-28,237.0,240.0,236.0,237.08,3877076,False,PPL,-0.0023145225771156186,0.9841019467851065,1.0297729834444926,0.017549389799061454,-0.25418069979832303,-0.04129407794837194,-0.07685169563016703,,,False,False,False,True,False,False,False,False
2026-08-31,237.0,239.06,233.91,234.5,4201228,False,PPL,-0.01088240256453521,0.9783960146529926,1.0143040662995852,0.016493315585127278,0.08360733707567247,-0.048059701492537354,-0.0622601279317697,,,False,False,False,True,False,False,False,False
2026-09-01,236.0,237.0,231.9,232.24,4190546,False,PPL,-0.009637526652451989,0.9799404204325848,1.0010582147421598,0.0080052141608274,-0.002542589928468564,-0.04680502928005513,-0.05313468825353084,,,False,False,False,True,False,False,False,False
2026-09-02,229.94,230.4,226.0,226.97,3893896,False,PPL,-0.02269204271443337,0.9712688930350386,0.9771522793905553,0.009281831633993357,-0.0707902979707179,-0.03110543243600477,-0.03938846543596069,,,False,False,False,True,False,False,False,False
2026-09-03,228.3,228.7,224.75,225.4,3195494,False,PPL,-0.006917213728686589,0.974753284494763,0.968791503517994,0.007572545178160245,-0.17935815440371283,-0.054125998225377184,0.00048802129547464605,,,False,False,False,True,False,False,False,False
2026-09-04,225.4,230.0,222.8,227.29,8889783,False,PPL,0.008385093167701863,0.9913206559665036,0.9755312436961082,0.011134194960834242,1.781974555420852,-0.03708918122222702,,,,False,False,False,True,False,False,False,False
2026-09-07,227.29,228.99,222.01,223.23,3189585,False,PPL,-0.01786264243917468,0.9832794481689321,0.9579514952033764,0.011939747042093446,-0.6412077775126794,-0.014917349818572703,,,,False,False,False,True,False,False,False,False
2026-09-08,222.01,225.3,218.4,221.37,3955208,False,PPL,-0.008332213412175715,0.9845142582676605,0.950006329942344,0.011956938738865367,0.24003843760238408,-0.0066404661878303245,,,,False,False,False,True,False,False,False,False
2026-09-09,222.98,222.98,219.4,219.91,2711846,False,PPL,-0.0065952929484573986,0.9842015753669889,0.9456806634514697,0.009406625138023459,-0.31436071124451614,-0.008548951843936135,,,,False,False,False,True,False,False,False,False
2026-09-10,219.43,219.99,211.8,213.2,4439705,False,PPL,-0.03051248237915516,0.9647058823529411,0.9199191403157151,0.014406004273023194,0.6371523309214462,0.0577392120075047,,,,False,False,False,True,False,False,False,False
2026-09-11,209.98,219.99,207.21,218.86,5134684,False,PPL,0.0265478424015011,0.9979299087153578,0.9465034813821738,0.021199140795264814,0.1565372023591658,,,,,False,False,False,True,False,False,False,False
2026-09-14,216.7,223.0,214.0,219.9,7875159,False,PPL,0.004751896189344684,1.00572609856939,0.9532107467034253,0.020804532974057488,0.5337183359287543,,,,,False,False,False,True,False,False,False,False
2026-09-15,222.03,224.48,219.5,219.9,2767366,False,PPL,0.0,1.0070802458393253,0.9571814727275102,0.02058598592147306,-0.648595539467838,,,,,False,False,False,True,False,False,False,False
2026-09-16,219.88,222.19,217.45,218.03,2705448,False,PPL,-0.008503865393360677,1.0002385561845692,0.9521563592454544,0.02072912534143308,-0.022374344412701475,,,,,False,False,False,True,False,False,False,False
2026-09-17,219.97,227.4,219.62,225.51,7316874,False,PPL,0.03430720543044541,1.0229994556341862,0.9871846785225717,0.018196951715101255,1.7044962608780505,,,,,False,False,False,True,False,False,False,False
2026-08-20,660.98,678.53,660.98,667.67,654070,False,MARI,0.010518827945271703,0.9954971745515813,1.0108033802953367,0.010943920733194657,-0.09767144132250105,-0.004448305300522584,-0.0047628319379333355,-0.02706426827624416,,False,False,False,True,False,False,False,False
2026-08-21,667.98,677.99,665.0,675.06,500451,False,MARI,0.011068342145071686,1.007452997167443,1.019054627795075,0.012804968792442365,-0.23486629871420495,-0.017479927710129402,-0.020383373329778083,-0.04986223446804724,,False,False,False,True,False,False,False,False
2026-08-24,677.99,679.0,670.21,671.86,434866,False,MARI,-0.0047403193790180875,1.004987091003192,1.0112593781114558,0.01278103432130089,-0.1310517912842616,-0.01219003959158166,-0.017801327657547758,-0.04087161015687797,,False,False,False,True,False,False,False,False
2026-08-25,675.0,675.88,666.0,668.06,246600,False,MARI,-0.005655940225642309,0.9990817648061686,1.0045048296103833,0.009811907251212325,-0.4329287642630143,-0.01219950303864919,-0.021090919977247432,-0.04135856060832859,,False,False,False,True,False,False,False,False
2026-08-27,669.0,678.49,661.0,664.3,531597,False,MARI,-0.00562823698470194,0.9923960620863771,0.9978422393845012,0.008847352868145508,1.155705596107056,-0.007857895529128276,-0.028737016408249164,-0.021195243113051224,,False,False,False,True,False,False,False,False
2026-08-28,667.0,667.0,662.0,664.7,312049,False,MARI,0.0006021375884390778,0.9938755614567073,0.9973629226169711,0.007162691780444856,-0.41299706356506904,-0.00031593199939827945,-0.022717015194824764,,,False,False,False,True,False,False,False,False
2026-08-31,668.0,668.87,660.19,663.26,371066,False,MARI,-0.002166390853016509,0.9952343510854755,0.9939762872979014,0.0027074126913710895,0.18912734858948443,-0.002955100563881489,-0.03295841751349397,,,False,False,False,True,False,False,False,False
2026-09-01,666.98,666.98,661.19,663.67,188313,False,MARI,0.0006181587914242392,0.998303243992912,0.9933053253569968,0.0031300455905773302,-0.4925080713404084,-0.005680534000331463,-0.02903551463829913,,,False,False,False,True,False,False,False,False
2026-09-02,661.31,663.2,658.1,659.91,335447,False,MARI,-0.005665466270887598,0.9950872177185871,0.987055100891537,0.0031324897936474325,0.7813268335165389,-0.00900122744010538,-0.02951917685745029,,,False,False,False,True,False,False,False,False
2026-09-03,660.0,663.87,657.0,659.08,338972,False,MARI,-0.0012577472685668667,0.9954026738194055,0.9851277222247135,0.002585158304315732,0.010508366448350959,-0.021044486253565583,-0.013442981125204851,,,False,False,False,True,False,False,False,False
2026-09-04,660.0,666.0,658.0,664.49,194252,False,MARI,0.008208411725435516,1.003637011729665,0.9926947324389734,0.005150703630763953,-0.4269379181761326,-0.022408162651055677,,,,False,False,False,True,False,False,False,False
2026-09-07,665.0,666.99,659.7,661.3,274943,False,MARI,-0.004800674201267174,0.9994106001299703,0.9890979361012519,0.00554091966579884,0.41539340650289325,-0.030092242552547978,,,,False,False,False,True,False,False,False,False
2026-09-08,661.3,661.3,654.5,659.9,360198,False,MARI,-0.0021170421896264946,0.9984325259934396,0.9886031243094647,0.0055281268858898315,0.31008245345398855,-0.023488407334444614,,,,False,False,False,True,False,False,False,False
2026-09-09,660.0,660.6,652.1,653.97,317029,False,MARI,-0.008986210031822983,0.9912421106240564,0.9811421528656592,0.006348387244713766,-0.11984797250401169,-0.020704313653531627,,,,False,False,False,True,False,False,False,False
2026-09-10,653.98,655.0,642.0,645.21,388657,False,MARI,-0.013395109867425092,0.9820936597186496,0.9696376764222547,0.008156660065003981,0.2259351668143923,0.007764913749011935,,,,False,False,False,True,False,False,False,False
2026-09-11,644.21,652.76,636.1,649.6,307135,False,MARI,0.006803986299034337,0.9932782463501306,0.9784738759826539,0.007628860567815756,-0.20975307276081478,,,,,False,False,False,True,False,False,False,False
2026-09-14,649.6,650.0,640.0,641.4,330008,False,MARI,-0.012623152709359653,0.9867449416629744,0.9688060756556887,0.008462719919599196,0.07447213765933558,,,,,False,False,False,True,False,False,False,False
2026-09-15,644.12,649.0,642.0,644.4,287967,False,MARI,0.00467726847521055,0.9961107779062505,0.975928904397132,0.009708599769151128,-0.12739388136045182,,,,,False,False,False,True,False,False,False,False
2026-09-16,645.0,648.0,639.5,640.43,237264,False,MARI,-0.006160769708255742,0.9941354345180439,0.9718954183894214,0.009476543505567687,-0.1760722582795945,,,,,False,False,False,True,False,False,False,False
2026-09-17,643.0,653.97,638.99,650.22,769004,False,MARI,0.015286604312727547,1.007764913749012,0.9875391939394723,0.011027258953774446,2.241132240879358,,,,,False,False,False,True,False,False,False,False
2026-08-20,375.0,378.8,370.01,371.88,2360703,False,PSO,-0.010562724491153475,1.0015512895094048,1.0553484696056634,0.04330840676305716,-0.739312108173577,-0.028880283962568594,-0.030063461331612366,-0.06386468753361299,,False,False,False,True,False,False,False,False
2026-08-21,374.0,377.25,367.1,375.45,4134446,False,PSO,0.009599870926105147,0.9978419292939494,1.0597789269262035,0.042999570078933874,0.7513622001581732,-0.030922892528965278,-0.04186975629244898,-0.0939139699027833,,False,False,False,True,False,False,False,False
2026-08-24,379.45,384.4,373.55,375.47,5698581,False,PSO,5.326941004146768e-05,1.0013815101666348,1.0541343335541906,0.009813980616628065,0.37831791732193376,-0.028098117026659947,-0.05411883772338682,-0.09310996883905515,,False,False,False,True,False,False,False,False
2026-08-25,376.5,377.0,371.5,373.67,1377317,False,PSO,-0.004793991530614994,0.9978796359596649,1.0453067915428815,0.007399541991184603,-0.7583052693293295,-0.0375732598281907,-0.05587818128295018,-0.09133727620627825,,False,False,False,True,False,False,False,False
2026-08-27,373.01,374.95,361.51,362.77,3234659,False,PSO,-0.029170123370888867,0.9755867989070802,1.0122410940251072,0.014442774864924656,1.3485217999923038,-0.008517793643355226,-0.056399371502604906,-0.05744686716101104,,False,False,False,True,False,False,False,False
2026-08-28,362.01,365.5,360.41,361.14,2322088,False,PSO,-0.004493205061057992,0.9768460914254801,1.0047798966117822,0.014320366184450017,-0.28212278326710793,-0.0012183640693359853,-0.03602481032286645,,,False,False,False,True,False,False,False,False
2026-08-31,360.88,368.9,357.51,363.84,2541456,False,PSO,0.007476324970925319,0.9903695920822695,1.0085361340834154,0.013771898695895473,0.09447014927944153,-0.011296174142480093,-0.06500109938434472,,,False,False,False,True,False,False,False,False
2026-09-01,365.25,370.9,364.0,364.92,3337078,False,PSO,0.002968337730870907,0.9990472748776242,1.0076793717329533,0.014158319238020101,0.3130575544097556,-0.0267729913405679,-0.06689137345171552,,,False,False,False,True,False,False,False,False
2026-09-02,360.11,363.45,358.92,359.63,1405685,False,PSO,-0.014496327962293165,0.9921922419025548,0.9914099673049462,0.014675241290138337,-0.5787677123519439,-0.019019547868642704,-0.055862970275004795,,,False,False,False,True,False,False,False,False
2026-09-03,360.11,362.5,359.0,359.68,1131799,False,PSO,0.00013903178266549965,0.9940250164436412,0.9907188964590228,0.008380432351535908,-0.1948416608272835,-0.048292927046263354,-0.04934942170818505,,,False,False,False,True,False,False,False,False
2026-09-04,361.0,362.0,356.5,360.7,1480786,False,PSO,0.002835854092526624,0.9970864178419588,0.992516912273557,0.008406537572739355,0.30834715351400743,-0.034848904907125014,,,,False,False,False,True,False,False,False,False
2026-09-07,359.0,362.3,358.0,359.73,849880,False,PSO,-0.0026892154144717573,0.996669732802855,0.9888410743025844,0.0072278952732736336,-0.42606156460150213,-0.05431851666527679,,,,False,False,False,True,False,False,False,False
2026-09-08,359.1,360.75,352.71,355.15,829593,False,PSO,-0.012731771050510265,0.9893363938737192,0.9756506283420806,0.0077838921021598706,-0.023870428766414098,-0.04122201886526816,,,,False,False,False,True,False,False,False,False
2026-09-09,355.65,356.39,352.0,352.79,556786,False,PSO,-0.006645079543854626,0.9865216297083416,0.9692525581657311,0.006096181638202461,-0.32884438513825454,-0.03755775390458913,,,,False,False,False,True,False,False,False,False
2026-09-10,351.51,352.94,341.62,342.31,1667350,False,PSO,-0.029706057427931643,0.9666060496532407,0.9412511978398327,0.01250027180355919,1.994597565312346,-0.001110104875697454,,,,False,False,False,True,False,False,False,False
2026-09-11,340.01,350.0,333.15,348.13,1702705,False,PSO,0.017002132569892803,0.9900688807867539,0.9574664118043428,0.016905759836749794,0.021204306234443804,,,,,False,False,False,True,False,False,False,False
2026-09-14,344.99,348.22,338.81,340.19,1138407,False,PSO,-0.022807571884066236,0.9783615270020762,0.9369779781668348,0.017995948409597597,-0.3314126639670407,,,,,False,False,False,True,False,False,False,False
2026-09-15,344.0,346.6,340.01,340.51,615741,False,PSO,0.000940650812781163,0.9875981043313825,0.9432514487695155,0.018688225562210555,-0.45912050786757286,,,,,False,False,False,True,False,False,False,False
2026-09-16,340.55,342.0,337.58,339.54,976607,False,PSO,-0.0028486681742091458,0.9924123740267028,0.945352795005116,0.01884584451710812,0.5860678434601561,,,,,False,False,False,True,False,False,False,False
2026-09-17,342.0,343.89,338.4,341.93,675518,False,PSO,0.007038935029746174,0.9996199497164239,0.9565238067929891,0.014728485936716551,-0.3083010873360522,,,,,False,False,False,True,False,False,False,False
2026-08-20,102.51,103.78,101.5,101.96,1388766,False,SNGP,-0.003907776475185698,0.9877930633598141,0.9874056391359715,0.022787916386523062,-0.6782253210063676,-0.009709690074538986,-0.022655943507257633,-0.08424872499019213,,False,False,False,True,False,False,False,False
2026-08-21,102.49,103.3,100.44,102.49,2962148,False,SNGP,0.00519811690859151,0.9924277635757998,0.991036289971668,0.02070536640115475,1.1329352821137615,-0.006146941164991662,-0.0437115816177187,-0.1306468923797444,,False,False,False,True,False,False,False,False
2026-08-24,102.61,105.98,102.51,103.52,4953530,False,SNGP,0.010049760952288045,1.0066709454071612,0.9984519750579905,0.011984034811915466,0.6722763346058334,-0.017484544049459063,-0.06365919629057176,-0.13069938176197837,,False,False,False,True,False,False,False,False
2026-08-25,104.51,104.7,102.11,103.42,1604178,False,SNGP,-0.0009659969088098297,1.0065206812652068,0.9980891350923584,0.009278370583276761,-0.6761545806727727,-0.03548636627344809,-0.07803132856314066,-0.13159930380970797,,False,False,False,True,False,False,False,False
2026-08-27,103.89,103.9,101.83,102.04,2931673,False,SNGP,-0.01334364726358539,0.993708976880977,0.9856365972161852,0.008951414232174906,0.8275235042495284,-0.038024304194433645,-0.09417875343002743,-0.10731085848686792,,False,False,False,True,False,False,False,False
2026-08-28,102.48,102.48,100.6,100.97,1976489,False,SNGP,-0.010486083888671227,0.9851885098743266,0.9753529460063852,0.009984110545606174,-0.32581532797143475,-0.013073190056452345,-0.0752698821432108,,,False,False,False,True,False,False,False,False
2026-08-31,101.25,102.4,100.18,101.86,1419880,False,SNGP,0.008814499356244454,0.9950958363455189,0.9835036714831247,0.010730804487578719,-0.28161502543145955,-0.03779697624190059,-0.1252699784017279,,,False,False,False,True,False,False,False,False
2026-09-01,101.9,102.98,100.91,101.71,2055204,False,SNGP,-0.0014726094639702092,0.997156862745098,0.9826151222834618,0.00877326495401216,0.4474490802039608,-0.04699636220627261,-0.11522957427981516,,,False,False,False,True,False,False,False,False
2026-09-02,100.2,101.87,99.5,99.75,962275,False,SNGP,-0.019270474879559463,0.9850295261983293,0.9665416703002819,0.01099425557514569,-0.531786138991555,-0.044110275689223113,-0.09964912280701752,,,False,False,False,True,False,False,False,False
2026-09-03,99.7,100.78,96.51,98.16,1484762,False,SNGP,-0.015939849624060143,0.9768136132948554,0.9551332574364363,0.011413129753737681,0.5429705645475567,-0.05837408312958425,-0.07202526487367557,,,False,False,False,True,False,False,False,False
2026-09-04,98.49,100.49,97.85,99.65,1318603,False,SNGP,0.015179299103504684,0.9942529882465628,0.9727503013915261,0.015029157286274996,-0.11190951815846584,-0.06302057200200703,,,,False,False,False,True,False,False,False,False
2026-09-07,99.75,99.97,97.76,98.01,583947,False,SNGP,-0.01645760160561971,0.9854609073359075,0.9599741421106502,0.014496993341516828,-0.5571472232354999,-0.09090909090909101,,,,False,False,False,True,False,False,False,False
2026-09-08,97.99,98.01,94.5,96.93,1729120,False,SNGP,-0.011019283746556474,0.9840609137055838,0.9525962251912711,0.014113097440692461,1.961090646925149,-0.0715980604559993,,,,False,False,False,True,False,False,False,False
2026-09-09,96.89,97.46,95.05,95.35,784330,False,SNGP,-0.016300422985659924,0.9767465683261626,0.9409106159584756,0.013654182576972049,-0.5463993245118904,-0.05810173046670154,,,,False,False,False,True,False,False,False,False
2026-09-10,95.35,95.35,92.0,92.43,1266208,False,SNGP,-0.030624016780283037,0.958081970271783,0.916523299801187,0.016768817089954664,0.6143817015796922,-0.014497457535432254,,,,False,False,False,True,False,False,False,False
2026-09-11,91.8,94.4,88.22,93.37,1020058,False,SNGP,0.010169858271124044,0.9805919048919323,0.9310186662412253,0.014782601333648306,-0.19439934039273166,,,,,False,False,False,True,False,False,False,False
2026-09-14,92.0,94.4,87.55,89.1,3211106,False,SNGP,-0.045732033843847164,0.9535939038486235,0.8942954788395235,0.021042416160935336,2.1479641353726944,,,,,False,False,False,True,False,False,False,False
2026-09-15,89.98,91.29,89.5,89.99,1138590,False,SNGP,0.009988776655443399,0.9776420997740308,0.9104106914325893,0.024733415991046538,-0.6454212349265331,,,,,False,False,False,True,False,False,False,False
2026-09-16,89.75,90.47,89.0,89.81,812618,False,SNGP,-0.0020002222469162056,0.9875742247635805,0.9150839582654059,0.025293570705589588,-0.2862944519098183,,,,,False,False,False,True,False,False,False,False
2026-09-17,90.1,91.79,89.35,91.09,1048721,False,SNGP,0.014252310433136683,1.0046100229398272,0.9334856861770539,0.024830718745249416,0.2905461114570438,,,,,False,False,False,True,False,False,False,False
2026-08-20,440.9,442.45,435.11,436.66,492042,False,LUCK,-0.0012351326623969427,0.9909946712419546,0.9796700405970994,0.0039802502289972945,-0.4985962913559061,0.012343699903815293,-0.008106993999908442,-0.04575642376219488,,False,False,True,False,False,False,False,False
2026-08-21,437.2,441.5,434.0,440.41,581614,False,LUCK,0.008587917372784304,1.0023259624750789,0.9874054850878029,0.007010630569552995,0.18204137045211577,-0.0069934833450649185,-0.027111101019504546,-0.07772303081219777,,False,False,True,False,False,False,False,False
2026-08-24,441.16,445.0,437.0,440.03,1046999,False,LUCK,-0.000862832360754906,1.0029859591539023,0.9857777648341038,0.006557062664670917,0.8001612753475673,-0.015089880235438462,-0.046224121082653405,-0.05945049201190821,,False,False,True,False,False,False,False,False
2026-08-25,442.0,444.0,436.3,442.69,1473601,False,LUCK,0.00604504238347392,1.0074920686939859,0.993284464518503,0.005554041640969122,0.4074521561147624,-0.033025367638753994,-0.06173620366396346,-0.07628362962795632,,False,False,True,False,False,False,False,False
2026-08-27,444.25,447.9,439.0,440.9,1675292,False,LUCK,-0.004043461564526063,1.0017312751909626,0.9908399554133256,0.0053500759085607615,0.13686947823732476,-0.021728283057382593,-0.07455205261964165,-0.07700158766160124,,False,False,True,False,False,False,False,False
2026-08-28,440.9,444.0,438.5,442.05,984191,False,LUCK,0.0026083012020867713,1.001890230635335,0.9938386723637307,0.005093178677059183,-0.41252569701281927,-0.020201334690645868,-0.057391697771745284,,,False,False,True,False,False,False,False,False
2026-08-31,442.0,443.5,435.95,437.33,1079351,False,LUCK,-0.010677525166836399,0.9925783023150249,0.9832910447509506,0.006419561496403275,0.0966885492754963,-0.020259300756865425,-0.07122767704022129,,,False,False,True,False,False,False,False,False
2026-09-01,439.0,439.0,431.5,433.39,803170,False,LUCK,-0.009009215009260774,0.986609663261032,0.9752568434388611,0.007235477220069152,-0.25587691121794487,-0.03161125083642906,-0.04504026396548139,,,False,False,True,False,False,False,False,False
2026-09-02,431.3,431.3,427.47,428.07,1486364,False,LUCK,-0.012275317843051248,0.9810289035357102,0.9655677986172986,0.006040217388028708,0.8506219106789348,-0.02969140561123176,-0.044735674071997515,,,False,False,True,False,False,False,False,False
2026-09-03,429.56,434.48,428.2,431.32,862809,False,LUCK,0.007592216226318227,0.9928366234531527,0.9742258843406042,0.008882440254948599,-0.41951702274812896,-0.05399703236576097,-0.05650097375498471,,,False,False,True,False,False,False,False,False
2026-09-04,432.0,437.0,429.26,433.12,374133,False,LUCK,0.004173235648706308,1.0010955839184923,0.9803786200863083,0.009210537307590872,-0.5663779585053007,-0.03795714813446619,,,,False,False,True,False,False,False,False,False
2026-09-07,434.0,434.0,427.5,428.47,443733,False,LUCK,-0.010736054673069817,0.9944206426936879,0.9731750554476069,0.009221114251245756,0.1860301015948873,-0.05202231194716087,,,,False,False,True,False,False,False,False,False
2026-09-08,429.0,429.9,417.9,419.69,1367015,False,LUCK,-0.02049151632553048,0.9802772029317923,0.9574804227432685,0.011826381540598684,2.080715204864186,-0.013867378303033175,,,,False,False,True,False,False,False,False,False
2026-09-09,420.0,421.9,414.0,415.36,682943,False,LUCK,-0.010317138840572726,0.975958194702908,0.9518364260302146,0.0116114734976449,-0.5004129435302466,-0.015504622496147914,,,,False,False,True,False,False,False,False,False
2026-09-10,415.36,416.0,404.99,408.03,1821165,False,LUCK,-0.017647342064715077,0.9693443627742115,0.9390286141025744,0.009552997100683901,1.6666427505662993,-0.0026468642011616404,,,,False,False,True,False,False,False,False,False
2026-09-11,407.0,420.0,398.51,416.68,1935380,False,LUCK,0.021199421611156177,0.9976870363896697,0.9622339123486839,0.016686556208538598,0.06271534978983229,,,,,False,False,True,False,False,False,False,False
2026-09-14,414.65,414.65,404.0,406.18,975763,False,LUCK,-0.02519919362580403,0.9830391976533684,0.9423856616687452,0.018519365322114942,-0.4958287261416363,,,,,False,False,True,False,False,False,False,False
2026-09-15,416.5,416.5,408.52,413.87,781195,False,LUCK,0.01893249298340627,1.0044803215346678,0.9635247213572737,0.021370311234286645,-0.19940087910691429,,,,,False,False,True,False,False,False,False,False
2026-09-16,413.47,416.0,408.0,408.92,570464,False,LUCK,-0.01196027738178651,0.9955786685364808,0.955379265148586,0.021530562664135045,-0.2697546707288193,,,,,False,False,True,False,False,False,False,False
2026-09-17,408.92,409.97,400.75,406.95,777729,False,LUCK,-0.004817568228504432,0.9913037123648056,0.9541483589914326,0.020052620952771195,0.3633270460537388,,,,,False,False,True,False,False,False,False,False
2026-08-20,216.0,217.24,210.73,211.64,2936266,False,DGKC,-0.009593336141139108,0.9926084346390515,0.9996410285476771,0.013301222205295652,-0.357106980756557,0.005197505197505305,-0.024144774144774075,-0.08401058401058388,,False,False,True,False,False,False,False,False
2026-08-21,212.25,213.98,210.0,211.86,2539244,False,DGKC,0.0010395010395012338,0.9973355427301744,0.9971031954272375,0.011813687795894272,-0.13521322659459323,-0.010761823845936,-0.04054564334938168,-0.10771264042292089,,False,False,True,False,False,False,False,False
2026-08-24,214.15,219.7,214.15,218.32,7460654,False,DGKC,0.030491834230151893,1.0238229225286062,1.0219418861830478,0.018875787462372173,1.9381398557996001,-0.0481403444485159,-0.08144008794430195,-0.12023635031146941,,False,False,True,False,False,False,False,False
2026-08-25,219.85,222.46,218.55,221.41,7679903,False,DGKC,0.014153536093807206,1.02797793707982,1.0345802405967959,0.015160006387255384,0.029387370061659368,-0.08545232825978948,-0.10555078813061743,-0.1407795492525179,,False,False,True,False,False,False,False,False
2026-08-27,222.9,223.7,213.1,215.31,6770759,False,DGKC,-0.02755069780046071,0.9981549131232963,1.005611640826964,0.022179038346627857,-0.11837962015926506,-0.055176257489201595,-0.11717988017277409,-0.0990664623101575,,False,False,True,False,False,False,False,False
2026-08-28,215.4,215.4,212.0,212.74,2085415,False,DGKC,-0.011936277924852523,0.98523581934719,0.9924842897863784,0.022499933327747048,-0.6919968647532722,-0.02919056124847235,-0.08874682711290775,,,False,False,True,False,False,False,False,False
2026-08-31,212.0,212.8,208.75,209.58,2633417,False,DGKC,-0.01485381216508408,0.9726553798173314,0.9772064429042028,0.023629566913865974,0.2627783918308826,-0.030107834717053163,-0.09800553487928247,,,False,False,True,False,False,False,False,False
2026-09-01,210.0,211.0,207.2,207.81,1629093,False,DGKC,-0.008445462353278033,0.973941978722407,0.9688405476156621,0.015172109749718516,-0.38137674359966534,-0.03498387950531741,-0.07574226456859635,,,False,False,True,False,False,False,False,False
2026-09-02,205.4,205.4,202.0,202.49,3290657,False,DGKC,-0.025600307973629777,0.966142776712185,0.9469827172964999,0.00846191886974147,1.019931949864127,-0.02197639389599495,-0.06049681465751395,,,False,False,True,False,False,False,False,False
2026-09-03,203.1,206.9,203.0,203.43,2379420,False,DGKC,0.004642204553311213,0.9817576371796729,0.9532958600539372,0.010952359797016274,-0.27691643340524397,-0.06562453915351715,-0.04645332546822011,,,False,False,True,False,False,False,False,False
2026-09-04,204.4,206.99,203.02,206.53,1533916,False,DGKC,0.015238657031902747,1.0027285791967684,0.9702006121006137,0.016067722592036624,-0.3553403770666801,-0.06134701980341833,,,,False,False,True,False,False,False,False,False
2026-09-07,206.94,207.02,202.69,203.27,1748558,False,DGKC,-0.01578463177262379,0.9929850615028383,0.9586963955147328,0.016203610236222393,0.13993073936252043,-0.07000541152162157,,,,False,False,True,False,False,False,False,False
2026-09-08,203.02,203.5,196.55,200.54,3661696,False,DGKC,-0.01343041275151291,0.9866569578651132,0.9497378678020205,0.01654228940779447,1.0941232718617284,-0.04223596290016954,,,,False,False,True,False,False,False,False,False
2026-09-09,200.54,201.99,197.25,198.04,1044938,False,DGKC,-0.01246634087962506,0.9786422352022611,0.9421301637215188,0.013635013799942263,-0.714630051211242,-0.03938598262977168,,,,False,False,True,False,False,False,False,False
2026-09-10,197.5,197.93,189.25,190.08,4289429,False,DGKC,-0.04019390022217728,0.9518658734451055,0.9092235389785106,0.019650817228112488,3.1049602942949726,0.020517676767676647,,,,False,False,True,False,False,False,False,False
2026-09-11,188.0,196.4,182.26,193.86,3831812,False,DGKC,0.019886363636363535,0.9832722993741062,0.9317168707270479,0.02137423697855917,-0.10668482914625699,,,,,False,False,True,False,False,False,False,False
2026-09-14,192.87,192.87,188.0,189.04,2229254,False,DGKC,-0.024863303414835558,0.9728683766313968,0.9144338723643031,0.022106933296630264,-0.41822458930657347,,,,,False,False,True,False,False,False,False,False
2026-09-15,197.7,197.7,190.5,192.07,2747253,False,DGKC,0.01602835378755829,0.9971549907069952,0.9341017410757709,0.025957945855296576,0.23236427970971452,,,,,False,False,True,False,False,False,False,False
2026-09-16,191.9,192.5,188.5,190.24,1589844,False,DGKC,-0.009527776331545668,0.9957185776047065,0.9298256332555384,0.025873778890776022,-0.421296837240691,,,,,False,False,True,False,False,False,False,False
2026-09-17,192.3,194.75,189.2,193.98,3626375,False,DGKC,0.01965937762825898,1.0111656710349355,0.9526943402157042,0.0203597953303827,1.2809627862859503,,,,,False,False,True,False,False,False,False,False
2026-08-20,99.25,99.45,96.6,97.0,4203886,False,MLCF,-0.011515336798124887,0.9732311273427781,0.9909132235837346,0.008562855817078406,-0.45316463533846374,0.045670103092783576,0.045979381443298904,-0.016494845360824684,,False,False,True,False,False,False,False,False
2026-08-21,97.1,98.26,95.51,97.9,6353458,False,MLCF,0.009278350515463885,0.9902692642269022,0.9954902967659277,0.012751170897699947,0.5113297553739564,0.0171603677221654,0.01174668028600604,-0.06384065372829417,,False,False,True,False,False,False,False,False
2026-08-24,98.99,102.1,98.8,101.7,14664556,False,MLCF,0.03881511746680277,1.0290605901161614,1.0270652393455866,0.024870671710831092,1.308121970744121,-0.02389380530973458,-0.02969518190757125,-0.08259587020648973,,False,False,True,False,False,False,False,False
2026-08-25,102.5,103.89,100.62,103.42,18871822,False,MLCF,0.016912487708947932,1.0380407507778782,1.040830087658384,0.021489630881864705,0.2869003330206519,-0.05782247147553669,-0.056081995745503745,-0.1169986462966545,,False,False,True,False,False,False,False,False
2026-08-27,104.4,105.45,101.65,102.09,17095624,False,MLCF,-0.01286018178302073,1.0166099061958536,1.0247736443757403,0.021485775212162838,-0.09411905220386241,-0.02967969438730533,-0.07836222940542659,-0.08649231070623957,,False,False,True,False,False,False,False,False
2026-08-28,102.3,102.8,101.05,101.43,5905918,False,MLCF,-0.006464883925947684,1.0012042484305286,1.0152136923230908,0.02042402770335182,-0.6545362719722896,0.0002957704821057569,-0.059449866903283057,,,False,False,True,False,False,False,False,False
2026-08-31,100.0,100.99,99.1,99.58,4963425,False,MLCF,-0.018239179729862998,0.9796938333792451,0.994710791683107,0.023803942603941863,-0.1595845048983071,-0.005322353886322566,-0.07963446475195815,,,False,False,True,False,False,False,False,False
2026-09-01,99.55,100.39,98.81,99.27,3377583,False,MLCF,-0.0031130749146415226,0.9813361276419067,0.9894397958725998,0.013440765405024365,-0.31950558334214785,-0.005943386723078365,-0.06013901480809911,,,False,False,True,False,False,False,False,False
2026-09-02,98.0,98.0,95.7,97.44,9894318,False,MLCF,-0.01843457237836199,0.9747704127568475,0.9712047364171875,0.0069015976160563,1.929407804338191,0.0018472906403941586,-0.06280788177339906,,,False,False,True,False,False,False,False,False
2026-09-03,98.05,101.7,98.05,99.06,12280702,False,MLCF,0.01662561576354693,0.9970208140424333,0.985813873643461,0.014360162707323916,0.2411873157907396,-0.05017161316373914,-0.0585503735110034,,,False,False,True,False,False,False,False,False
2026-09-04,100.0,102.05,98.47,101.46,10106528,False,MLCF,0.02422774076317369,1.0211147118616775,1.0079325263382721,0.01965552973328131,-0.17703987931634524,-0.05972797161442922,,,,False,False,True,False,False,False,False,False
2026-09-07,101.01,102.25,98.76,99.05,7310471,False,MLCF,-0.023753203232801057,0.9979245587168534,0.9859694702840449,0.021054559122944537,-0.27665851220122284,-0.07470974255426543,,,,False,False,True,False,False,False,False,False
2026-09-08,98.75,99.3,96.49,98.68,6795494,False,MLCF,-0.0037354871277132107,0.9953801771268334,0.9839465549905276,0.02107282443621272,-0.07044375116186086,-0.05451965950547233,,,,False,False,True,False,False,False,False,False
2026-09-09,97.06,99.0,97.06,97.62,2382145,False,MLCF,-0.010741791649777066,0.9843305705124327,0.9759852832376877,0.01972037806183082,-0.6494522694008706,-0.06453595574677332,,,,False,False,True,False,False,False,False,False
2026-09-10,97.3,97.62,93.5,94.09,9087463,False,MLCF,-0.03616062282319199,0.9583418211448361,0.9437879912532349,0.022830112035565592,2.814823614851321,-0.00882134126899775,,,,False,False,True,False,False,False,False,False
2026-09-11,93.0,95.99,89.75,95.4,17761578,False,MLCF,0.013922839834201284,0.9838297170200478,0.9604687570789265,0.01912922184350809,0.9545144778031007,,,,,False,False,True,False,False,False,False,False
2026-09-14,93.51,93.51,91.01,91.65,7930046,False,MLCF,-0.03930817610062898,0.9598064678284183,0.9275142314990513,0.022472217475900884,-0.5535280705351743,,,,,False,False,True,False,False,False,False,False
2026-09-15,92.52,95.0,92.52,93.3,3646326,False,MLCF,0.018003273322422242,0.9882218362072617,0.9483249308830706,0.026910554903468185,-0.5401885436730127,,,,,False,False,True,False,False,False,False,False
2026-09-16,92.3,93.61,90.51,91.32,7727786,False,MLCF,-0.021221864951768477,0.9803332188251459,0.9320317005087798,0.027304600421701297,1.1193349141025788,,,,,False,False,True,False,False,False,False,False
2026-09-17,92.52,94.0,91.5,93.26,7928075,False,MLCF,0.02124397722295246,1.0029466801453983,0.9542031595318,0.02717506381422075,0.025918031374057238,,,,,False,False,True,False,False,False,False,False
2026-08-20,543.0,548.0,540.9,543.53,741134,False,FFC,0.0011788760153990108,0.9910256503759672,0.9743099317662179,0.0075251819576932855,0.24402480885598954,0.01195886151638364,0.008426397806928856,-0.003974021673136659,,False,False,False,False,True,False,False,False
2026-08-21,545.95,546.74,542.0,544.24,372619,False,FFC,0.0013062756425588073,0.9970175939970835,0.9747867251041971,0.0061108054301752595,-0.49723126991880007,0.01554461267088056,0.002315155078641759,-0.016775687196824922,,False,False,False,False,True,False,False,False
2026-08-24,547.0,550.5,543.5,544.83,619873,False,FFC,0.0010840805526974862,1.0010804017330528,0.974856074398465,0.006311096373824162,0.6635571455025107,0.013986013986013993,0.002606317566947413,-0.008112622285850765,,False,False,False,False,True,False,False,False
2026-08-25,545.26,550.2,545.01,547.74,635125,False,FFC,0.005341115577335964,1.005680754104501,0.9801005974652016,0.0037721689685704493,0.024605040064658468,0.0017526563698105604,-0.011611348449994547,-0.029174425822470547,,False,False,False,False,True,False,False,False
2026-08-27,548.0,552.0,547.8,549.81,522096,False,FFC,0.0037791652974037415,1.0069226965551343,0.983619755047713,0.0019284833967024777,-0.17796339303286757,-0.00205525545188337,-0.03177461304814375,-0.03419363052690921,,False,False,False,False,True,False,False,False
2026-08-28,550.0,552.11,547.02,550.03,479275,False,FFC,0.0004001382295701905,1.0049330385690534,0.984779716792801,0.0020903342800877587,-0.08201748337470505,-0.0034907186880714855,-0.015744595749322708,,,False,False,False,False,True,False,False,False
2026-08-31,549.0,555.0,546.0,552.7,568749,False,FFC,0.004854280675599565,1.006699185096408,0.9906571370958708,0.0022312670282929594,0.18668614052475085,-0.01302695856703464,-0.03182558349918587,,,False,False,False,False,True,False,False,False
2026-09-01,552.7,554.5,550.0,552.45,279593,False,FFC,-0.0004523249502442761,1.00345838494876,0.9913578075820166,0.0026444210669296733,-0.5084070477486553,-0.01122273508914842,-0.021793827495701107,,,False,False,False,False,True,False,False,False
2026-09-02,549.03,551.0,545.5,548.7,423668,False,FFC,-0.006787944610372021,0.9962995108381844,0.9867657928385298,0.004572850211805288,0.5153026005658226,-0.013340623291416165,-0.030872972480408333,,,False,False,False,False,True,False,False,False
2026-09-03,548.01,551.0,548.0,548.68,269105,False,FFC,-3.6449790413839445e-05,0.9966721887987907,0.9887257370888379,0.004158976140316788,-0.3648210391155339,-0.029780564263322738,-0.03220456368010491,,,False,False,False,False,True,False,False,False
2026-09-04,550.0,551.0,547.0,548.11,269874,False,FFC,-0.0010388568929065034,0.9963317627897509,0.9904104861252909,0.004139120365502208,0.002857620631351976,-0.01229680173687765,,,,False,False,False,False,True,False,False,False
2026-09-07,548.88,549.0,544.0,545.5,500240,False,FFC,-0.0047618178832716795,0.9941897763391946,0.9891125095080819,0.002993017050027297,0.8536057567605624,-0.019046746104491266,,,,False,False,False,False,True,False,False,False
2026-09-08,546.0,549.0,540.2,546.25,494397,False,FFC,0.001374885426214556,0.9978116643041897,0.9938269021892393,0.0034061942424120175,-0.01168039341116267,-0.0106910755148742,,,,False,False,False,False,True,False,False,False
2026-09-09,546.4,547.16,540.0,541.38,404983,False,FFC,-0.008915331807780369,0.9915675184620794,0.9869534661777294,0.004163443048368476,-0.18085465728958716,-0.01776940411540878,,,,False,False,False,False,True,False,False,False
2026-09-10,541.38,541.38,526.0,532.34,1051038,False,FFC,-0.016698067900550395,0.9808813449391579,0.9724206211479657,0.007132364266686219,1.5952644925836394,-0.002498403276101816,,,,False,False,False,False,True,False,False,False
2026-09-11,529.99,544.0,525.0,541.37,1056605,False,FFC,0.01696284329563813,1.000003694344697,0.990034188612513,0.012665224606746687,0.005296668626633805,,,,,False,False,False,False,True,False,False,False
2026-09-14,538.95,540.95,532.0,535.11,684779,False,FFC,-0.011563256183386605,0.9922490682193253,0.9805631856804902,0.01332914882543261,-0.3519063415372822,,,,,False,False,False,False,True,False,False,False
2026-09-15,537.0,542.0,536.0,540.41,582743,False,FFC,0.009904505615667691,1.004251823935836,0.9914151712700392,0.014633851411169265,-0.14900573761753788,,,,,False,False,False,False,True,False,False,False
2026-09-16,538.01,538.01,530.98,531.76,834691,False,FFC,-0.01600636553727719,0.9917232067258737,0.976797029343772,0.015764049413823932,0.43234839371729894,,,,,False,False,False,False,True,False,False,False
2026-09-17,534.03,534.9,529.5,531.01,494913,False,FFC,-0.001410410711599197,0.9908159990446549,0.9764848128209489,0.013935982989030298,-0.40707040090284907,,,,,False,False,False,False,True,False,False,False
2026-08-20,266.0,270.0,266.0,268.41,1866806,False,ENGROH,0.012829704539451425,0.9934414579801766,0.9752490716585158,0.013334377430982034,-0.345880052699445,-0.009537647628627853,0.008978801087887813,-0.015983011065161583,,False,False,False,False,True,False,False,False
2026-08-21,269.48,270.8,266.0,267.66,1262393,False,ENGROH,-0.002794232703699606,0.9954774691679438,0.9724833641253698,0.013245818305284847,-0.32376851156467246,-0.010461032653366252,0.006239258761114694,-0.0238362101173132,,False,False,False,False,True,False,False,False
2026-08-24,265.1,266.3,262.9,263.55,1386071,False,ENGROH,-0.01535530150190545,0.9882779102731403,0.9583148494258474,0.013438112290516915,0.09797107556838491,0.015442989944981951,0.018023145513185353,0.0010624169986718753,,False,False,False,False,True,False,False,False
2026-08-25,263.0,266.4,260.13,261.53,1477012,False,ENGROH,-0.007664579776133662,0.9860424081558786,0.9544716337293114,0.011356424800463323,0.0656106361073856,0.02428019730050099,0.021450693993041007,-0.007609069705196163,,False,False,False,False,True,False,False,False
2026-08-27,261.53,266.4,261.5,265.12,1772511,False,ENGROH,0.013726914694299097,0.9994948238292353,0.9706804135789812,0.012799004322074207,0.20006540231223569,0.018859384429692216,-0.003394689197344513,-0.01365419432709718,,False,False,False,False,True,False,False,False
2026-08-28,265.2,268.49,264.5,265.85,821302,False,ENGROH,0.0027534701267351025,1.0041852067295707,0.9754585132008873,0.010964999869082018,-0.5366449065760381,0.01869475268008264,-0.0065074290013166,,,False,False,False,False,True,False,False,False
2026-08-31,265.0,266.0,263.0,264.86,859185,False,ENGROH,-0.003723904457400784,1.0025664125489246,0.9729916388697044,0.0109925069577464,0.04612554212701303,0.016876840595031226,-0.013516574794231068,,,False,False,False,False,True,False,False,False
2026-09-01,269.0,273.5,266.02,267.62,1994082,False,ENGROH,0.010420599562032784,1.0099020362571511,0.9843132206631481,0.009070341715866414,1.3208994570435935,0.0025409162244974474,-0.014161871310066588,,,False,False,False,False,True,False,False,False
2026-09-02,265.51,268.87,264.0,267.88,1620583,False,ENGROH,0.0009715267917196346,1.006061607565367,0.9870684016883483,0.007120024006847043,-0.18730373174222525,-0.0027624309392265535,-0.03113334328803933,,,False,False,False,False,True,False,False,False
2026-09-03,268.0,271.45,268.0,270.12,1338755,False,ENGROH,0.00836195311333432,1.0106785000710903,0.9959203838857927,0.005708305716965092,-0.17390531679031562,-0.021842144232193016,-0.03191174292906858,,,False,False,False,False,True,False,False,False
2026-09-04,270.0,272.0,269.0,270.82,1394211,False,ENGROH,0.0025914408411076284,1.0095429806903748,1.0003656901385558,0.005715879942554272,0.04142356144328119,-0.024739679491913406,,,,False,False,False,False,True,False,False,False
2026-09-07,269.99,270.9,268.15,269.33,1191363,False,ENGROH,-0.005501809319843454,1.0006539007408397,0.9975185185185185,0.006318591038790421,-0.14549304230134463,-0.02988898377455171,,,,False,False,False,False,True,False,False,False
2026-09-08,268.22,270.48,267.0,268.3,1685616,False,ENGROH,-0.0038243047562468435,0.9963236659363511,0.9957893291319414,0.005502866145212007,0.41486347989655536,-0.016660454714871514,,,,False,False,False,False,True,False,False,False
2026-09-09,268.3,269.85,265.4,267.14,1144127,False,ENGROH,-0.004323518449496966,0.992561547435926,0.9941757689659662,0.005890074478726233,-0.32124101812037853,-0.028449502133712532,,,,False,False,False,False,True,False,False,False
2026-09-10,267.14,267.3,263.5,264.22,1691087,False,ENGROH,-0.010930598188215734,0.9860353333681641,0.9855810925991895,0.004823903782617039,0.4780588168970752,-0.010294451593369265,,,,False,False,False,False,True,False,False,False
2026-09-11,263.0,264.9,258.51,264.12,1752222,False,ENGROH,-0.0003784724850504073,0.9906159281679683,0.9875435359308136,0.0038282459934082915,0.036151303865501916,,,,,False,False,False,False,True,False,False,False
2026-09-14,262.99,263.88,261.0,261.28,1303500,False,ENGROH,-0.010752688172043112,0.9859176188248078,0.9792883218518323,0.004637776143026299,-0.25608741358115583,,,,,False,False,False,False,True,False,False,False
2026-09-15,262.11,264.79,261.33,263.83,991381,False,ENGROH,0.009759644825474645,0.99890957829455,0.9908363690990346,0.008571794867483423,-0.23944687380130414,,,,,False,False,False,False,True,False,False,False
2026-09-16,262.99,262.99,258.5,259.54,1179779,False,ENGROH,-0.016260470757684775,0.988354823722953,0.9764135593347868,0.010389066941329518,0.19003591959095445,,,,,False,False,False,False,True,False,False,False
2026-09-17,260.0,262.35,256.72,261.5,804423,False,ENGROH,0.007551822455112767,0.9978859319071642,0.9844372331855108,0.011315091706733699,-0.3181578922832158,,,,,False,False,False,False,True,False,False,False
2026-08-20,207.55,209.5,203.9,204.41,4032519,False,HUBC,-0.012130291900251278,0.9789469651255233,0.946217744417982,0.006827655038330763,0.17696338165305892,0.031065016388630667,0.014823149552370242,-0.0031798835673401775,,False,False,False,False,False,False,True,False
2026-08-21,205.0,208.7,199.99,206.96,8087814,False,HUBC,0.012474927841103822,0.9968883365606004,0.9596253492065334,0.011638010494401295,1.0056480825012852,0.013094317742558849,-0.0032856590645535698,-0.024594124468496344,,False,False,False,False,False,False,True,False
2026-08-24,209.0,209.5,206.26,207.56,3016161,False,HUBC,0.002899110939311944,1.003927486602047,0.9638397563002966,0.012262056971251014,-0.6270733970885087,0.0091058007323183,-0.007853150896126398,-0.02336673732896509,,False,False,False,False,False,False,True,False
2026-08-25,207.75,208.45,206.5,207.28,1385549,False,HUBC,-0.0013490075158990589,1.003165138946696,0.966378621064238,0.009127259550032876,-0.5406249865308914,0.0006271709764569445,-0.005934002315708171,-0.024266692396758015,,False,False,False,False,False,False,True,False
2026-08-27,208.9,214.0,208.0,210.71,9105654,False,HUBC,0.016547664994210676,1.0160378814180457,0.9851947268634,0.011388516505659743,5.571874397801882,-0.018983436951260025,-0.03996013478240243,-0.03863129419581422,,False,False,False,False,False,False,True,False
2026-08-28,211.0,212.95,210.4,210.76,2244981,False,HUBC,0.00023729296189056726,1.0100932644473626,0.9874067688617367,0.007903779597644836,-0.7534519761018813,-0.01575251470867334,-0.03321313342190169,,,False,False,False,False,False,False,True,False
2026-08-31,210.71,211.49,209.0,209.67,2360932,False,HUBC,-0.00517175934712466,1.0022658177020594,0.9840404936394292,0.0083096146254226,0.05164898945692631,-0.016168264415510024,-0.037201316354270916,,,False,False,False,False,False,False,True,False
2026-09-01,209.69,210.45,208.98,209.45,1373046,False,HUBC,-0.0010492678971717462,0.9994083235515855,0.9847804520257468,0.008464136724315705,-0.4184305181174214,-0.01680592026736683,-0.03217951778467405,,,False,False,False,False,False,False,True,False
2026-09-02,207.51,209.9,207.0,207.41,2011476,False,HUBC,-0.009739794700405757,0.9895515267175573,0.9780584071714536,0.00995561830510756,0.46497349688211465,-0.006557060893881613,-0.024878260450315784,,,False,False,False,False,False,False,True,False
2026-09-03,207.52,208.75,205.5,206.71,1333511,False,HUBC,-0.003374957813027324,0.9899904214559386,0.9774700968674711,0.003911772848784504,-0.33704851561738747,-0.021382613323012993,-0.020028058632867374,,,False,False,False,False,False,False,True,False
2026-09-04,206.7,207.95,205.66,207.44,902169,False,HUBC,0.003531517585022348,0.9966560325940732,0.9841984528195359,0.004914739942228481,-0.32346339850214956,-0.01774006941766297,,,,False,False,False,False,False,False,True,False
2026-09-07,206.3,207.65,205.89,206.28,969370,False,HUBC,-0.00559197840339376,0.9943217422321626,0.9827279418595511,0.004961098287003768,0.0744882610686024,-0.021378708551483404,,,,False,False,False,False,False,False,True,False
2026-09-08,206.5,207.5,202.0,205.93,1996231,False,HUBC,-0.0016967229009113849,0.996014587384041,0.9856883017422938,0.004897504520605446,1.0593075915285186,-0.015636381294614667,,,,False,False,False,False,False,False,True,False
2026-09-09,206.01,208.69,205.5,206.05,1860548,False,HUBC,0.0005827222842713642,0.9979078079445184,0.9880053607861848,0.0035274507268985063,-0.06796958868988612,-0.018442125697646257,,,,False,False,False,False,False,False,True,False
2026-09-10,207.0,208.0,202.0,202.29,2015593,False,HUBC,-0.01824799805872368,0.9839103493224641,0.9721064228031013,0.00848771688646936,0.08333297501596304,0.00138415146571754,,,,False,False,False,False,False,False,True,False
2026-09-11,200.02,205.0,200.01,203.76,2889348,False,HUBC,0.00726679519501694,0.9946207691031035,0.9814343410503602,0.009456705574443832,0.43349773490977594,,,,,False,False,False,False,False,False,True,False
2026-09-14,203.0,204.0,200.93,201.87,1584845,False,HUBC,-0.009275618374558259,0.9896558486126091,0.9749348015068097,0.009794244104321878,-0.45148697906932633,,,,,False,False,False,False,False,False,True,False
2026-09-15,202.05,205.0,202.05,202.71,1445702,False,HUBC,0.004161093773220381,0.9969213518511233,0.9811570983964415,0.010504242505891478,-0.08779596742899143,,,,,False,False,False,False,False,False,True,False
2026-09-16,202.99,203.5,201.0,202.25,1080063,False,HUBC,-0.002269251640274361,0.9983907274306927,0.9802686105631516,0.01033008415595669,-0.252914501052084,,,,,False,False,False,False,False,False,True,False
2026-09-17,203.03,203.99,200.65,202.57,1351246,False,HUBC,0.001582200247218779,0.9996940266098148,0.9828557011404464,0.006391040548969519,0.2510807239948041,,,,,False,False,False,False,False,False,True,False
2026-08-20,7.25,7.3,7.1,7.15,18484690,False,KEL,-0.00417827298050133,0.9818731117824773,0.9785137539345833,0.01453108338092677,-0.2944903524279213,0.0,-0.0041958041958042305,-0.04195804195804206,,False,False,False,False,False,False,True,False
2026-08-21,7.2,7.25,7.06,7.15,27103753,False,KEL,0.0,0.9875690607734807,0.9779115092662244,0.014838322327565465,0.4662811764763164,0.012587412587412567,0.0027972027972027374,-0.07692307692307702,,False,False,False,False,False,False,True,False
2026-08-24,7.19,7.2,7.1,7.13,10392367,False,KEL,-0.002797202797202858,0.9938667410091997,0.9752427848447545,0.010770065994127389,-0.6165709228533776,0.016830294530154295,-0.007012622720897591,-0.07152875175315565,,False,False,False,False,False,False,True,False
2026-08-25,7.13,7.18,7.1,7.12,5166622,False,KEL,-0.0014025245441794398,0.9963616008956061,0.9762116953451704,0.004284363200232421,-0.5028445396510728,0.0,-0.012640449438202228,-0.08426966292134838,,False,False,False,False,False,False,True,False
2026-08-27,7.2,7.23,7.13,7.15,7620786,False,KEL,0.004213483146067398,1.0014005602240896,0.9819405342305842,0.0032223509758370693,0.47500359035361983,-0.005594405594405599,-0.047552447552447655,-0.0727272727272728,,False,False,False,False,False,False,True,False
2026-08-28,7.15,7.2,7.09,7.15,14022451,False,KEL,0.0,1.0014005602240896,0.982885421678466,0.0026241580060767256,0.8400268686195886,-0.0041958041958042305,-0.04195804195804206,,,False,False,False,False,False,False,True,False
2026-08-31,7.15,7.48,7.09,7.24,31725321,False,KEL,0.012587412587412583,1.0114557138865605,0.9949154871512987,0.006209467076255653,1.2624661694307222,-0.009668508287292857,-0.0883977900552487,,,False,False,False,False,False,False,True,False
2026-09-01,7.24,7.29,7.18,7.25,9290138,False,KEL,0.0013812154696133394,1.0094681147312725,0.9958107272852138,0.005562380817816049,-0.707169613823608,-0.023448275862068955,-0.08689655172413792,,,False,False,False,False,False,False,True,False
2026-09-02,7.22,7.22,7.06,7.12,14549818,False,KEL,-0.017931034482758568,0.9913673071567809,0.97916523413326,0.011176018317802001,0.566157359556984,-0.012640449438202228,-0.08426966292134838,,,False,False,False,False,False,False,True,False
2026-09-03,7.12,7.2,7.1,7.11,7755181,False,KEL,-0.001404494382022392,0.9910788960133815,0.9787995594713657,0.010932572765069577,-0.46699120222672197,-0.042194092827004315,-0.06751054852320681,,,False,False,False,False,False,False,True,False
2026-09-04,7.25,7.25,7.07,7.12,5517005,False,KEL,0.0014064697609001975,0.9933035714285713,0.9815274331403364,0.010985063362165566,-0.2886039668190852,-0.037921348314606806,,,,False,False,False,False,False,False,True,False
2026-09-07,7.05,7.3,7.05,7.17,9771561,False,KEL,0.0070224719101124045,1.0022365110427731,0.9901263550369398,0.00946769620716209,0.7711713148710215,-0.07949790794979084,,,,False,False,False,False,False,False,True,False
2026-09-08,7.15,7.2,7.04,7.08,4361797,False,KEL,-0.012552301255230103,0.9943820224719101,0.9793208382322429,0.010274777958150154,-0.5536233156606196,-0.06497175141242938,,,,False,False,False,False,False,False,True,False
2026-09-09,7.1,7.13,7.01,7.03,5711781,False,KEL,-0.007062146892655385,0.989862010701211,0.9754405439156377,0.007566347113961806,0.3095017947877905,-0.07254623044096738,,,,False,False,False,False,False,False,True,False
2026-09-10,7.05,7.12,6.77,6.81,28003900,False,KEL,-0.031294452347084056,0.9670548139733031,0.9493273855161357,0.014808450474467232,3.9028315336319794,-0.026431718061673968,,,,False,False,False,False,False,False,True,False
2026-09-11,6.75,6.89,6.67,6.85,11400744,False,KEL,0.005873715124816492,0.9802518603319977,0.9587794807194346,0.015665242556501886,-0.5928872764150708,,,,,False,False,False,False,False,False,True,False
2026-09-14,6.85,6.85,6.57,6.6,14887518,False,KEL,-0.03649635036496346,0.9601396566773349,0.9287272215577288,0.017491303472752646,0.3058374085059712,,,,,False,False,False,False,False,False,True,False
2026-09-15,6.6,6.75,6.55,6.62,8843126,False,KEL,0.003030303030303161,0.9761132409318787,0.9370797650222946,0.01958973717507511,-0.40600400953335536,,,,,False,False,False,False,False,False,True,False
2026-09-16,6.64,6.65,6.48,6.52,10304985,False,KEL,-0.015105740181268978,0.9760479041916167,0.9277837068658839,0.01928868999236646,0.16531020817751552,,,,,False,False,False,False,False,False,True,False
2026-09-17,6.58,6.74,6.58,6.63,7083228,False,KEL,0.016871165644171793,0.99789283564118,0.9471428571428572,0.020946841348871308,-0.31264062975346396,,,,,False,False,False,False,False,False,True,False
2026-08-20,122.0,122.8,119.0,119.54,218640,False,NETSOL,-0.011494252873563204,0.9857505689876969,0.9769811983834124,0.004599165055993882,1.0778529613016041,0.033796218838882314,0.03864815124644462,0.005270202442696967,,False,False,False,False,False,False,False,True
2026-08-21,120.0,121.4,119.01,119.55,75888,False,NETSOL,8.365400702681214e-05,0.991457953226074,0.9767954898276001,0.005410221204827945,-0.6529088913282108,0.05855290673358428,0.06716854872438312,-0.01070681723128399,,False,False,False,False,False,False,False,True
2026-08-24,120.0,121.19,119.0,119.78,82095,False,NETSOL,0.0019238812212463152,0.9969868988363769,0.9782630889036806,0.006051754621766762,0.08179158760278304,0.01936884287861073,0.061779929871431,-0.012689931541158758,,False,False,False,False,False,False,False,True
2026-08-25,120.0,121.0,118.98,119.12,88306,False,NETSOL,-0.005510101853397842,0.994456688706338,0.9745083281520991,0.005527671792245339,0.07565625190328285,0.005708529214237681,0.04382135661517796,0.01276024177300198,,False,False,False,False,False,False,False,True
2026-08-27,120.01,120.9,118.95,119.11,63163,False,NETSOL,-8.394895903296451e-05,0.9974041199129124,0.9758155691369961,0.005493371471037844,-0.28472583969379206,0.008059776677021189,0.0066325245571321155,0.04684745193518595,,False,False,False,False,False,False,False,True
2026-08-28,120.0,124.1,118.99,123.58,472002,False,NETSOL,0.03752833515238008,1.027880360648102,1.011429530173878,0.01740720470809374,6.472760951823061,0.004693316070561566,-0.027593461725198224,,,False,False,False,False,False,False,False,True
2026-08-31,123.54,131.5,123.05,126.55,3277049,False,NETSOL,0.0240330150509791,1.0404676554740684,1.033065441083433,0.018369496332450743,5.942871004783878,0.008139075464243391,-0.0654286843145002,,,False,False,False,False,False,False,False,True
2026-09-01,126.61,128.0,121.52,122.1,1212684,False,NETSOL,-0.035163966811536995,1.0000655243586802,0.9962711228244817,0.028134848738946647,-0.629946332813455,0.04160524160524171,-0.031449631449631366,,,False,False,False,False,False,False,False,True
2026-09-02,121.12,121.12,119.5,119.8,411971,False,NETSOL,-0.018837018837018826,0.9801354845043689,0.9784983562371102,0.029858530111739563,-0.6602816562270137,0.037896494156928265,0.00701168614357265,,,False,False,False,False,False,False,False,True
2026-09-03,120.75,123.97,119.51,120.07,581965,False,NETSOL,0.0022537562604341144,0.9808037902303545,0.9814692202686023,0.029845919386681977,0.4126358408722943,-0.0014158407595568211,0.03847755475972353,,,False,False,False,False,False,False,False,True
2026-09-04,120.04,125.87,120.04,124.16,1725067,False,NETSOL,0.03406346297992835,1.0132532480250702,1.0149346455984893,0.028836868713638497,1.96421090615415,-0.032135953608247385,,,,False,False,False,False,False,False,False,True
2026-09-07,124.87,130.0,123.0,127.58,2243976,False,NETSOL,0.027545103092783574,1.0394160108194423,1.0429678558582127,0.029563576746590527,0.3008051281486459,-0.07297382034801694,,,,False,False,False,False,False,False,False,True
2026-09-08,127.47,129.1,124.0,127.18,2126082,False,NETSOL,-0.003135287662642927,1.0276507377300863,1.0396128631451602,0.022010453504791153,-0.05253799505877066,-0.07013681396445982,,,,False,False,False,False,False,False,False,True
2026-09-09,128.99,129.9,123.75,124.34,1257095,False,NETSOL,-0.02233055511872939,0.9973850127540789,1.016738488711537,0.02311794445935159,-0.4087269446804027,-0.02975711758082679,,,,False,False,False,False,False,False,False,True
2026-09-10,123.2,124.0,118.9,119.9,720747,False,NETSOL,-0.035708541096992064,0.9620322228641118,0.981732729610009,0.030424489065780397,-0.42665669659015426,0.03994995829858208,,,,False,False,False,False,False,False,False,True
2026-09-11,118.5,121.49,116.0,120.17,334202,False,NETSOL,0.0022518765638031013,0.9704120031655281,0.9852705456006361,0.024240869318286798,-0.5363116322371095,,,,,False,False,False,False,False,False,False,True
2026-09-14,119.9,119.99,117.5,118.27,197914,False,NETSOL,-0.01581093450944504,0.9696487718492768,0.9715724489754005,0.015179120203933581,-0.4078012698906649,,,,,False,False,False,False,False,False,False,True
2026-09-15,120.0,120.5,118.0,118.26,105871,False,NETSOL,-8.455229559478639e-05,0.9839584650713881,0.972972972972973,0.015820360816038364,-0.46506563456855,,,,,False,False,False,False,False,False,False,True
2026-09-16,119.0,122.25,119.0,120.64,803373,False,NETSOL,0.0201251479790292,1.0099792378273391,0.9926644532487464,0.021002033774095142,6.58822529304531,,,,,False,False,False,False,False,False,False,True
2026-09-17,121.3,125.35,121.1,124.69,1537674,False,NETSOL,0.03357095490716189,1.0355796222779596,1.024404470935224,0.019145847515538213,0.9140225026233144,,,,,False,False,False,False,False,False,False,True
2026-08-20,60.47,62.34,59.8,61.91,12645319,False,TRG,0.03234950808737702,1.0284053156146178,1.0226634510555355,0.020594417518338598,3.7476466983944388,-0.11177515748667412,-0.1179130996607979,-0.1846228396058795,,False,False,False,False,False,False,False,True
2026-08-21,62.08,62.29,59.72,60.15,3813016,False,TRG,-0.028428363753836172,0.9989703049226067,0.9909227195598095,0.02570546408077623,-0.6984642301234156,-0.05835411471321693,-0.09260182876142976,-0.18204488778054856,,False,False,False,False,False,False,False,True
2026-08-24,60.0,60.5,57.51,58.24,2922296,False,TRG,-0.03175394846217783,0.9734247033260907,0.9600342869388191,0.029437319613700465,-0.23359985900924618,-0.04687500000000007,-0.10542582417582418,-0.1344436813186814,,False,False,False,False,False,False,False,True
2026-08-25,58.3,59.89,53.69,55.22,11701169,False,TRG,-0.05185439560439564,0.9343801820704593,0.9138904059712363,0.03586809617860293,3.0041012272541865,-0.022998913437160377,-0.06410720753350234,-0.11101050344078224,,False,False,False,False,False,False,False,True
2026-08-27,56.0,56.0,54.71,54.86,1662843,False,TRG,-0.006519377037305318,0.944624285419106,0.912106273848021,0.03204700308497666,-0.8578908654340434,-0.008384979948961008,-0.0710900473933649,-0.09533357637623034,,False,False,False,False,False,False,False,True
2026-08-28,55.0,57.4,54.52,54.99,2852746,False,TRG,0.0023696682464455776,0.9699781274253862,0.9188584032349697,0.021526869115802094,0.7155834916465356,-0.006910347335879297,-0.08201491180214593,,,False,False,False,False,False,False,False,True
2026-08-31,55.0,57.0,54.71,56.64,6570328,False,TRG,0.03000545553737033,1.0116092159314165,0.9505269517352487,0.03153792975748014,1.3031591315876003,-0.03637005649717518,-0.13135593220338979,,,False,False,False,False,False,False,False,True
2026-09-01,56.7,56.7,55.39,55.51,1869432,False,TRG,-0.019950564971751406,1.00119039030373,0.9357563088956694,0.030054460161658084,-0.715473565398866,-0.06143037290578268,-0.09187533777697715,,,False,False,False,False,False,False,False,True
2026-09-02,54.97,55.38,53.81,53.95,2006276,False,TRG,-0.02810304449648704,0.9775321616234826,0.9147478720878973,0.022570456892467495,0.07320084389269033,-0.04207599629286382,-0.09008341056533826,,,False,False,False,False,False,False,False,True
2026-09-03,54.05,54.88,53.6,54.4,1125975,False,TRG,0.008341056533827551,0.9873316635812552,0.9273069744053047,0.023197815053682496,-0.4387736283542244,-0.06323529411764701,-0.08768382352941169,,,False,False,False,False,False,False,False,True
2026-09-04,54.5,55.25,54.5,54.61,928498,False,TRG,0.0038602941176471006,0.9925120860746609,0.9363132131437046,0.02326892556461501,-0.17538311241368587,-0.07562717451016303,,,,False,False,False,False,False,False,False,True
2026-09-07,54.98,55.16,54.37,54.58,1181149,False,TRG,-0.0005493499359091603,0.9994506500640908,0.942090273582463,0.015871102740786475,0.27210720970858304,-0.09857090509344074,,,,False,False,False,False,False,False,False,True
2026-09-08,54.6,54.85,51.5,52.1,1767069,False,TRG,-0.0454378893367533,0.9661029520842606,0.9080530888619707,0.02330832345423568,0.49605934560330667,-0.032437619961612374,,,,False,False,False,False,False,False,False,True
2026-09-09,52.75,53.18,51.5,51.68,2225575,False,TRG,-0.008061420345489512,0.966450985525676,0.9082122207967944,0.021587761069310377,0.2594726068987685,-0.05011609907120736,,,,False,False,False,False,False,False,False,True
2026-09-10,51.68,52.1,50.2,50.96,3086500,False,TRG,-0.01393188854489158,0.965407494411397,0.9026018880957863,0.019471826211545862,0.3868326162901723,-0.026098901098901065,,,,False,False,False,False,False,False,False,True
2026-09-11,49.4,50.98,48.17,50.48,1811926,False,TRG,-0.009419152276295195,0.9715165511932257,0.9019359103781592,0.01742530697813696,-0.412951239267779,,,,,False,False,False,False,False,False,False,True
2026-09-14,50.0,50.59,49.0,49.2,1164556,False,TRG,-0.025356576862123448,0.9669051175222074,0.88770207852194,0.015541163270974214,-0.35728280294007597,,,,,False,False,False,False,False,False,False,True
2026-09-15,49.7,51.0,49.45,50.41,1464042,False,TRG,0.024593495934959186,0.9973093815534363,0.9175965196497806,0.01863160873810362,0.25716753852970564,,,,,False,False,False,False,False,False,False,True
2026-09-16,50.4,50.9,48.8,49.09,1033610,False,TRG,-0.02618528069827397,0.9812504997201568,0.9016024610863678,0.020677747268796197,-0.29400249446395665,,,,,False,False,False,False,False,False,False,True
2026-09-17,50.4,50.6,49.11,49.63,1030783,False,TRG,0.01100020370747612,0.9973473734978499,0.92025848082254,0.022441533947274533,-0.0027350741575642434,,,,,False,False,False,False,False,False,False,True
2026-08-20,128.0,129.97,127.0,128.52,939361,False,SYS,0.009980353634577721,0.9937523196832859,0.967865830239406,0.010325331366672637,-0.35691831003657104,0.01789604730781188,-0.011982570806100266,-0.038748832866479954,,False,False,False,False,False,False,False,True
2026-08-21,128.55,129.7,128.06,128.81,740936,False,SYS,0.002256458138810924,1.0006525488246352,0.9721215963291675,0.010130637761784352,-0.21123401972191735,-0.033149600186320904,-0.016846518127474588,-0.05814765934321876,,False,False,False,False,False,False,False,True
2026-08-24,129.7,130.02,126.33,126.51,1783999,False,SYS,-0.0178557565406412,0.9885756259181695,0.9568324919167279,0.011498306343211884,1.4077639634192427,0.009564461307406479,-0.006244565646984477,-0.027665797170184175,,False,False,False,False,False,False,False,True
2026-08-25,127.0,127.25,124.0,124.94,2251663,False,SYS,-0.01241008615919692,0.982186374856532,0.948880163437659,0.011606783720652608,0.26214364469935236,0.012325916439891197,-0.0015207299503761625,-0.0225708340003201,,False,False,False,False,False,False,False,True
2026-08-27,126.0,126.79,122.5,123.08,3865370,False,SYS,-0.014887145829998394,0.973949925616434,0.939007968750596,0.012067202602839958,0.7166734098308671,0.03152421189470259,-8.124796880082155e-05,-0.009912252193695148,,False,False,False,False,False,False,False,True
2026-08-28,124.89,132.0,123.79,130.82,4393315,False,SYS,0.06288592785180369,1.031443168916362,0.9987098153280047,0.03381671818060682,0.13658330250402928,-0.029353309891453825,-0.055648983335881266,,,False,False,False,False,False,False,False,True
2026-08-31,131.0,132.4,122.8,124.54,4946062,False,SYS,-0.048004892218315165,0.9885853085459367,0.9527415992502917,0.041140906538758445,0.12581547191585396,0.016862052352657735,-0.025855146940742035,,,False,False,False,False,False,False,False,True
2026-09-01,124.89,129.0,124.69,127.72,2725974,False,SYS,0.025533964991167446,1.0118840120424655,0.978090227521615,0.0425802628734605,-0.448859719105826,-0.015659254619480114,-0.036877544628875616,,,False,False,False,False,False,False,False,True
2026-09-02,126.8,127.44,125.85,126.48,1648220,False,SYS,-0.009708737864077666,0.9996206373292869,0.9710631175671215,0.042358383988971716,-0.39536473935554783,-0.013678051865907684,-0.034471853257431996,,,False,False,False,False,False,False,False,True
2026-09-03,126.45,127.88,126.45,126.96,857427,False,SYS,0.003795066413662118,0.9972978068246088,0.9768483253698959,0.041175498612293644,-0.4797860722476368,-0.030639571518588538,-0.04017013232514174,,,False,False,False,False,False,False,False,True
2026-09-04,127.95,128.89,126.51,126.98,1059597,False,SYS,0.0001575299306868505,1.003508882847569,0.9804837557670406,0.02695267379468345,0.23578683666364597,-0.027090880453614723,,,,False,False,False,False,False,False,False,True
2026-09-07,127.05,127.49,125.5,126.64,1026771,False,SYS,-0.002677587021578276,0.9975109486751317,0.981621722178729,0.013316870491752984,-0.030979702660539843,-0.04200884396715104,,,,False,False,False,False,False,False,False,True
2026-09-08,126.0,126.9,124.01,125.72,860920,False,SYS,-0.0072646873025900005,0.9933942286418661,0.9785866070942082,0.005462234834236246,-0.16152676692271206,-0.02155583837098309,,,,False,False,False,False,False,False,False,True
2026-09-09,125.72,126.5,124.1,124.75,793223,False,SYS,-0.007715558383709853,0.9884319784486174,0.9751922047160999,0.0049075360172386485,-0.07863332249221766,-0.02108216432865728,,,,False,False,False,False,False,False,False,True
2026-09-10,124.75,124.8,122.6,123.07,1096514,False,SYS,-0.013466933867735564,0.9811690796606927,0.9661604405697888,0.005221689607476077,0.3823527557824218,-0.00983180303892089,,,,False,False,False,False,False,False,False,True
2026-09-11,121.99,124.98,118.51,123.54,2239595,False,SYS,0.00381896481677102,0.9903482331815558,0.9738294182563457,0.006447798716730859,1.042468222019965,,,,,False,False,False,False,False,False,False,True
2026-09-14,123.54,123.95,120.0,121.32,581776,False,SYS,-0.017969888295289116,0.9809184993531694,0.9603039537736968,0.008189101473867295,-0.7402316043748982,,,,,False,False,False,False,False,False,False,True
2026-09-15,122.11,123.7,122.1,123.01,1086942,False,SYS,0.013930102209034123,0.9989605158440124,0.976490714169475,0.013046234209593562,0.8683170154836226,,,,,False,False,False,False,False,False,False,True
2026-09-16,123.5,123.99,121.8,122.12,979358,False,SYS,-0.007235184131371475,0.9959873421851042,0.9719911810823072,0.013016349765355704,-0.09897860235412748,,,,,False,False,False,False,False,False,False,True
2026-09-17,122.01,123.8,121.6,121.86,749800,False,SYS,-0.00212905339010816,0.9958323118411375,0.9720067480527561,0.011937914521792053,-0.23439641070987316,,,,,False,False,False,False,False,False,False,True
2026-08-20,1970.8,1974.0,1955.0,1957.29,16840,False,INDU,-0.002995155793945603,0.9973208298599575,1.0118414957940098,0.005500091715974767,-0.9405176098251911,-0.004194575152379074,-0.029826954615820793,-0.06339888314966097,,True,False,False,False,False,False,False,False
2026-08-21,1974.0,1974.0,1950.0,1957.46,108986,False,INDU,8.685478391035062e-05,0.9976067142469813,1.0104813448168346,0.0030739739062853075,5.471852731591449,-0.014595445117652435,-0.036220408079858636,-0.07702839393908431,,True,False,False,False,False,False,False,False
2026-08-24,1957.0,1975.0,1944.0,1950.21,56183,False,INDU,-0.0037037793875737135,0.9957997095641624,1.0053053788871489,0.0016413900657157613,-0.4844934211733617,-0.010532199096507537,-0.048564000799913874,-0.06420846985709233,,True,False,False,False,False,False,False,False
2026-08-25,1950.2,1962.65,1941.0,1944.99,47076,False,INDU,-0.0026766348239420923,0.9950711748141841,1.0017926772956816,0.001665883836626534,-0.16209529573002512,-0.013784132566234246,-0.03773798322870559,-0.06640136967285183,,True,False,False,False,False,False,False,False
2026-08-27,1944.99,1962.9,1940.0,1944.87,27748,False,INDU,-6.169697530589158e-05,0.9968764159666708,1.0009961735714714,0.001759163336829862,-0.4105701418982072,-0.01855136847192868,-0.050327271231496135,-0.06267256937481676,,True,False,False,False,False,False,False,False
2026-08-28,1940.04,1986.0,1940.0,1949.08,44292,False,INDU,0.002164669103847494,0.9998758542713825,1.002877559027264,0.0023487919208468985,0.5962231512181058,-0.025740349292999697,-0.059453690972150905,,,True,False,False,False,False,False,False,False
2026-08-31,1952.0,1955.0,1928.0,1928.89,35455,False,INDU,-0.010358733351119365,0.9924274853777099,0.99257686155439,0.004744254023304124,-0.19951684277070347,-0.021945263856414907,-0.0633576823976484,,,True,False,False,False,False,False,False,False
2026-09-01,1938.89,1950.0,1923.0,1929.67,15224,False,INDU,0.00040437764724798875,0.9949316834235629,0.9928752874299529,0.004928311487334146,-0.5706106331970102,-0.03843662387869432,-0.05424761746827181,,,True,False,False,False,False,False,False,False
2026-09-02,1925.01,1929.96,1890.0,1918.18,10798,False,INDU,-0.005954385983095611,0.991749296068843,0.987517417003938,0.005231905355191289,-0.2907251707829742,-0.024288648614832885,-0.053352657206310224,,,True,False,False,False,False,False,False,False
2026-09-03,1924.99,1924.99,1902.0,1908.79,129643,False,INDU,-0.004895265303569096,0.9905901743817341,0.9832466523310118,0.005051881374981078,11.006204852750509,-0.03237653172952496,-0.044955181030914844,,,True,False,False,False,False,False,False,False
2026-09-04,1919.9,1919.9,1890.0,1898.91,93201,False,INDU,-0.005176053939930481,0.9906212569539795,0.9789144515035478,0.003830275249512713,-0.2810950070578435,-0.03460406233049488,,,,True,False,False,False,False,False,False,False
2026-09-07,1898.92,1908.0,1871.25,1886.56,6976,False,INDU,-0.006503731087834641,0.9885444623882977,0.9736068807277899,0.002773457425141776,-0.9251510176929432,-0.04234161648715116,,,,True,False,False,False,False,False,False,False
2026-09-08,1896.0,1899.0,1849.99,1855.5,36575,False,INDU,-0.0164638283436519,0.979885804092548,0.959391697577814,0.0048854655169734,4.242975917431193,-0.016443007275666933,,,,True,False,False,False,False,False,False,False
2026-09-09,1865.0,1880.0,1850.0,1871.59,19862,False,INDU,0.008671517111290772,0.9932706034697787,0.9691705691836184,0.008951995108211038,-0.45695146958304855,-0.0297875068791776,,,,True,False,False,False,False,False,False,False
2026-09-10,1878.0,1878.0,1840.0,1846.99,32400,False,INDU,-0.013143904380767069,0.9866873941589073,0.9583658606127919,0.009686903891362536,0.6312556640821669,-0.012999528963340348,,,,True,False,False,False,False,False,False,False
2026-09-11,1846.5,1860.0,1820.01,1833.2,18109,False,INDU,-0.007466201766116787,0.9862446523718936,0.9538569365488975,0.009661391227787329,-0.4410802469135803,,,,,True,False,False,False,False,False,False,False
2026-09-14,1833.0,1853.0,1799.0,1806.68,14619,False,INDU,-0.014466506655029465,0.980403648377028,0.9438083797550417,0.010204044898378428,-0.1927218510133083,,,,,True,False,False,False,False,False,False,False
2026-09-15,1823.0,1830.0,1808.0,1824.99,3522,False,INDU,0.010134611552682138,0.9936298449928948,0.9569684332400743,0.011861134384004953,-0.7590806484711676,,,,,True,False,False,False,False,False,False,False
2026-09-16,1823.88,1826.0,1810.5,1815.84,5497,False,INDU,-0.005013726102608862,0.9946865037194474,0.9558848688937869,0.009825539253691241,0.5607609312890403,,,,,True,False,False,False,False,False,False,False
2026-09-17,1822.0,1835.0,1820.0,1822.98,3767,False,INDU,0.003932064499074794,1.0012313688185779,0.963197576287221,0.009684462813362441,-0.3147171184282336,,,,,True,False,False,False,False,False,False,False
2026-08-20,1752.28,1907.51,1748.0,1880.04,534801,False,SAZEW,0.07291072203072568,1.0338876979880314,0.9918579689607818,0.040877051776071954,1.5141668429588888,-0.006180719559158258,-0.01590923597370261,-0.031956766877300445,,True,False,False,False,False,False,False,False
2026-08-21,1895.0,1909.0,1863.3,1869.5,200261,False,SAZEW,-0.0056062636965170665,1.027368277593315,0.9873709472634589,0.04065394887692549,-0.6255410891153905,0.007627707943300342,-0.031099224391548597,-0.04782562182401716,,True,False,False,False,False,False,False,False
2026-08-24,1865.0,1868.5,1850.05,1861.49,60876,False,SAZEW,-0.004284568066327932,1.0180487922261452,0.9837314829323124,0.03839441177401243,-0.6960166982088375,0.011861465815019113,-0.048874826080183086,-0.05260302231008497,,True,False,False,False,False,False,False,False
2026-08-25,1862.0,1870.0,1848.02,1854.33,53613,False,SAZEW,-0.0038463811247979596,1.005859417377984,0.9827274259349352,0.036123646667826616,-0.11930810171496153,0.00917312452476096,-0.03126196523811837,-0.057071826481802014,,True,False,False,False,False,False,False,False
2026-08-27,1859.0,1925.0,1859.0,1895.33,439032,False,SAZEW,0.022110411846866462,1.0123879756727336,1.0059638759966,0.03371947100966599,7.188909406300711,-0.017553671392316898,-0.055583988012641555,-0.07536946072715565,,True,False,False,False,False,False,False,False
2026-08-28,1913.99,1919.0,1865.02,1868.42,116212,False,SAZEW,-0.014198055219935224,0.999254471300354,0.9934100359179495,0.013677094518590753,-0.7352994770312871,-0.009789019599447642,-0.02593635264019869,,,True,False,False,False,False,False,False,False
2026-08-31,1863.42,1904.0,1840.0,1883.76,135808,False,SAZEW,0.00821014547050436,1.0059241744123084,1.0024868460055336,0.01394848343382303,0.16862286166660923,-0.03843377075635967,-0.05503354992143377,,,True,False,False,False,False,False,False,False
2026-09-01,1883.76,1897.87,1880.0,1883.57,59457,False,SAZEW,-0.00010086210557613828,1.0034564286482957,1.003301156270266,0.013629187502734383,-0.562198103204524,-0.060024315528491086,-0.06370880827365057,,,True,False,False,False,False,False,False,False
2026-09-02,1865.0,1883.0,1854.0,1871.34,52084,False,SAZEW,-0.00649298937655618,0.9951374220679357,0.9989467857213395,0.013980983695826997,-0.12400558386733274,-0.040067545181527685,-0.06564280141502876,,,True,False,False,False,False,False,False,False
2026-09-03,1871.34,1880.0,1854.0,1862.06,52181,False,SAZEW,-0.004959013327348272,0.9937187471648976,0.995547714043213,0.008279740389032062,0.001862376161585022,-0.0387098160102252,-0.058848801864601535,,,True,False,False,False,False,False,False,False
2026-09-04,1874.89,1874.89,1846.09,1850.13,43722,False,SAZEW,-0.006406882699805494,0.9892833386447878,0.9910490454457802,0.006249091613630758,-0.1621088135528257,-0.016306962213466118,,,,True,False,False,False,False,False,False,False
2026-09-07,1850.13,1850.13,1801.3,1811.36,69175,False,SAZEW,-0.020955284223270865,0.9761102596767136,0.9733245996916716,0.007811162545472329,0.5821554366222954,-0.01726327179577775,,,,True,False,False,False,False,False,False,False
2026-09-08,1820.0,1824.0,1765.0,1770.51,151860,False,SAZEW,-0.022552115537496586,0.9658661924193161,0.9554090117683816,0.00869420110290475,1.1953017708709792,-0.003919774528243305,,,,True,False,False,False,False,False,False,False
2026-09-09,1775.0,1845.88,1775.0,1796.36,191583,False,SAZEW,0.014600312904191393,0.9880511571522547,0.9727376671591653,0.015017891979520484,0.2615764519952588,-0.026642766483332907,,,,True,False,False,False,False,False,False,False
2026-09-10,1807.0,1827.0,1785.0,1789.98,230599,False,SAZEW,-0.003551626622725901,0.9924110202099277,0.9717109523905173,0.015103362815278666,0.20365063706069964,-0.020949954748097743,,,,True,False,False,False,False,False,False,False
2026-09-11,1789.9,1830.01,1755.01,1819.96,120779,False,SAZEW,0.01674879048927913,1.012419658284167,0.9896414346962318,0.018739441610180606,-0.4762379715436754,,,,,True,False,False,False,False,False,False,False
2026-09-14,1818.0,1818.0,1768.0,1780.09,99467,False,SAZEW,-0.021907074880766708,0.9936975962665655,0.9701508399282996,0.018969056883086175,-0.17645451609965312,,,,,True,False,False,False,False,False,False,False
2026-09-15,1799.99,1799.99,1740.0,1763.57,176183,False,SAZEW,-0.009280429641197907,0.9852390401744814,0.9625630505624371,0.016355832430262004,0.7712708737571254,,,,,True,False,False,False,False,False,False,False
2026-09-16,1760.0,1789.98,1740.01,1748.5,135740,False,SAZEW,-0.008545166905765011,0.9820716460161087,0.9551361854313462,0.014065699270026358,-0.2295510917625424,,,,,True,False,False,False,False,False,False,False
2026-09-17,1750.01,1768.99,1748.5,1752.48,72694,False,SAZEW,0.0022762367743780487,0.9884709969993005,0.9573050721633266,0.014482818380288916,-0.46446147045822894,,,,,True,False,False,False,False,False,False,False
2026-08-20,231.16,234.94,230.1,231.03,105662,False,HCAR,-0.008327252435935906,0.9818696450428397,0.9659333216265709,0.005273609222977717,-0.17168771508979874,0.0305155174652643,0.018698870276587426,-0.04371726615591046,,True,False,False,False,False,False,False,False
2026-08-21,232.9,232.9,227.8,228.2,174303,False,HCAR,-0.012249491408042323,0.9791217938266414,0.9545121823695493,0.0052603046389049345,0.6496280592833752,0.08286590709903605,0.011744084136722205,-0.06415425065731808,,True,False,False,False,False,False,False,False
2026-08-24,228.51,231.7,228.0,228.48,105318,False,HCAR,0.0012269938650306678,0.9888939864788829,0.9553237304789579,0.006748833721468242,-0.39577632054525735,0.050551470588235344,-0.002013305322128762,-0.01011029411764707,,True,False,False,False,False,False,False,False
2026-08-25,229.99,229.99,227.06,228.06,87818,False,HCAR,-0.0018382352941176405,0.9926528196110521,0.9578308319386141,0.005331566376658615,-0.16616342885356727,0.019073927913706896,0.00758572305533627,-0.03788476716653519,,True,False,False,False,False,False,False,False
2026-08-27,229.98,229.98,225.51,227.18,91736,False,HCAR,-0.0038586336928878584,0.9938317511702174,0.9576178844139448,0.005331515391509945,0.0446149992028968,0.02121665639580946,-0.030240338057927654,-0.02324148252487015,,True,False,False,False,False,False,False,False
2026-08-28,228.0,242.0,227.0,238.08,872660,False,HCAR,0.047979575666872165,1.0351304347826087,1.0049703992148669,0.02385593879304525,8.51273218801779,-0.011466733870967818,-0.07203461021505378,,,True,False,False,False,False,False,False,False
2026-08-31,238.0,253.9,235.1,247.11,2974188,False,HCAR,0.03792842741935476,1.0570103771890051,1.0418910970614463,0.024667515213997775,2.4081864643732955,-0.06567925215491084,-0.13576949536643604,,,True,False,False,False,False,False,False,False
2026-09-01,249.0,249.0,239.0,240.03,680045,False,HCAR,-0.028651207964064618,1.0166799383291258,1.0123085552577584,0.031812261676271616,-0.7713510376613718,-0.05003541224013661,-0.057742782152231026,,,True,False,False,False,False,False,False,False
2026-09-02,233.02,238.5,231.5,232.41,512898,False,HCAR,-0.031746031746031744,0.9807901688878385,0.9819566884470836,0.03704873023165034,-0.24578814637266655,-0.011273181016307407,-0.055892603588485905,,,True,False,False,False,False,False,False,False
2026-09-03,233.4,237.45,231.5,232.0,284806,False,HCAR,-0.0017641237468266624,0.9750930961727595,0.9816345484586856,0.03694468531113718,-0.44471220398597777,-0.05038793103448275,-0.043534482758620666,,,True,False,False,False,False,False,False,False
2026-09-04,233.6,242.0,232.01,235.35,566908,False,HCAR,0.014439655172413746,0.9914483107254191,0.9976642744202018,0.029409615604411476,0.9905058179954074,-0.06127044826853617,,,,True,False,False,False,False,False,False,False
2026-09-07,234.0,235.9,230.21,230.88,220865,False,HCAR,-0.018992989165073304,0.9861019757916408,0.9809486582485003,0.01943502952003929,-0.6104041572883079,-0.07501732501732498,,,,True,False,False,False,False,False,False,False
2026-09-08,230.88,232.94,227.5,228.02,185960,False,HCAR,-0.012387387387387316,0.9839814958659142,0.9715733207210318,0.017496779089115056,-0.1580377153464786,-0.008113323392684951,,,,True,False,False,False,False,False,False,False
2026-09-09,229.01,234.0,228.0,229.79,240593,False,HCAR,0.007762476975703869,0.9938669942216533,0.9814632896254216,0.013803131369813478,0.29378898687889876,-0.04512816049436444,,,,True,False,False,False,False,False,False,False
2026-09-10,230.0,232.6,218.0,220.31,257339,False,HCAR,-0.04125505896688275,0.9625988552453358,0.9449301842809014,0.022227330960894177,0.0696030225318276,0.007217103172801977,,,,True,False,False,False,False,False,False,False
2026-09-11,218.0,224.0,211.11,220.93,266762,False,HCAR,0.0028142163315327817,0.977626932641845,0.9516056433880141,0.01945558569820005,0.0366170693132406,,,,,True,False,False,False,False,False,False,False
2026-09-14,220.0,220.0,212.99,213.56,128881,False,HCAR,-0.03335898248313951,0.9597253305291162,0.9249987006011884,0.021611783771499582,-0.5168689693434597,,,,,True,False,False,False,False,False,False,False
2026-09-15,216.01,232.0,216.01,226.17,848269,False,HCAR,0.05904663794718101,1.018086715402067,0.9822566670502982,0.03988891287138745,5.581800265361069,,,,,True,False,False,False,False,False,False,False
2026-09-16,224.95,229.98,217.5,219.42,384941,False,HCAR,-0.029844807003581386,0.9970101509464824,0.9560825973097923,0.041343141972501794,-0.5462040932770147,,,,,True,False,False,False,False,False,False,False
2026-09-17,219.0,224.5,218.5,221.9,343135,False,HCAR,0.011302524838209926,1.0068240802918382,0.9692263005824532,0.037436171901035493,-0.1086036561447079,,,,,True,False,False,False,False,False,False,False
2026-08-20,51.2,51.5,50.4,50.71,1136737,False,PSX,-0.005686274509803857,0.9789953280049423,0.9823616586433683,0.0065451191980244435,-0.42109543695253615,-0.01656478012226392,-0.02642476829027812,-0.072175113389864,,False,False,False,False,False,True,False,False
2026-08-21,51.4,51.4,50.01,50.71,1014440,False,PSX,0.0,0.9869599065784352,0.9807562131321923,0.007841750073388214,-0.10758601154004843,-0.01991717609938864,-0.043186748175902144,-0.09406428712285551,,False,False,False,False,False,True,False,False
2026-08-24,51.24,51.85,51.0,51.5,1796956,False,PSX,0.015578781305462419,1.0070394994133751,0.9944196644074996,0.013269283930119625,0.7713773116202043,-0.03844660194174751,-0.08135922330097083,-0.10601941747572817,,False,False,False,False,False,True,False,False
2026-08-25,52.0,52.0,51.15,51.34,706465,False,PSX,-0.003106796116504773,1.0056413069027657,0.9911388250738432,0.011156782679108888,-0.6068545918764845,-0.04265679781846522,-0.06583560576548504,-0.14121542656797817,,False,False,False,False,False,True,False,False
2026-08-27,51.65,52.24,49.39,49.74,4468600,False,PSX,-0.031164783794312423,0.9791338582677166,0.9605098001351743,0.016860161881111755,5.3252956622054874,-0.009449135504624022,-0.060313630880579006,-0.09991958182549253,,False,False,False,False,False,True,False,False
2026-08-28,50.0,50.15,49.62,49.87,1003482,False,PSX,0.0026135906714916946,0.9849502291041239,0.9625554912179115,0.017166224313031157,-0.7754370496352325,-0.010026067776218167,-0.05654702225787047,,,False,False,False,False,False,True,False,False
2026-08-31,50.18,50.49,49.5,49.7,1133839,False,PSX,-0.003408863043914079,0.9855244893912355,0.9607484946018305,0.017074019586659113,0.12990467193233157,-0.023742454728370214,-0.07565392354124759,,,False,False,False,False,False,True,False,False
2026-09-01,49.75,50.24,49.29,49.52,715076,False,PSX,-0.003621730382293742,0.9897269856497581,0.9599689832315597,0.013351992170969237,-0.3693319774677004,-0.044628432956381275,-0.07027463651050088,,,False,False,False,False,False,True,False,False
2026-09-02,49.0,49.44,48.1,49.15,966997,False,PSX,-0.007471728594507399,0.9910073393015566,0.9563838377941879,0.013114091450664537,0.35229961570518387,-0.02421159715157676,-0.1029501525940996,,,False,False,False,False,False,True,False,False
2026-09-03,49.31,50.18,49.01,49.27,922867,False,PSX,0.0024415055951170217,0.9953133206739122,0.961000204800125,0.004344703594131763,-0.04563612917103155,-0.05134970570326773,-0.09133346864217576,,,False,False,False,False,False,True,False,False
2026-09-04,49.51,49.99,49.2,49.37,385570,False,PSX,0.0020296326364925843,0.9993522529452248,0.9661542676542823,0.004198792533934632,-0.5822041529277784,-0.04699210046586997,,,,False,False,False,False,False,True,False,False
2026-09-07,49.37,49.64,48.38,48.52,1118955,False,PSX,-0.017216933360340136,0.9868608387910346,0.953157382942569,0.008089882638748104,1.9020800373473041,-0.05317394888705699,,,,False,False,False,False,False,True,False,False
2026-09-08,48.65,48.84,47.0,47.31,2947245,False,PSX,-0.024938169826875578,0.9709793941384123,0.9344077738934645,0.012004528968791308,1.633926297304181,-0.026844218981187974,,,,False,False,False,False,False,True,False,False
2026-09-09,47.25,48.3,46.9,47.96,2411062,False,PSX,0.013739167195096158,0.9891515076516932,0.9513890955257338,0.015831215320649218,-0.18192685032971467,-0.08069224353628018,,,,False,False,False,False,False,True,False,False
2026-09-10,48.0,48.82,46.52,46.74,3152176,False,PSX,-0.02543786488740618,0.9741558982909545,0.931846048027752,0.017472516416617567,0.30738073098078766,-0.042148053059477934,,,,False,False,False,False,False,True,False,False
2026-09-11,46.0,47.5,45.5,47.05,1528499,False,PSX,0.006632434745399873,0.9901927771697954,0.9440776932800929,0.01838615308207892,-0.5150971900046191,,,,,False,False,False,False,False,True,False,False
2026-09-14,47.05,47.35,45.8,45.94,431582,False,PSX,-0.023591923485653532,0.9774468085106383,0.9281933163615791,0.019260167205309934,-0.7176432565543058,,,,,False,False,False,False,False,True,False,False
2026-09-15,46.4,46.99,45.8,46.04,363257,False,PSX,0.00217675228559,0.9848971034954862,0.9365147169504281,0.018034014453709172,-0.15831290461604053,,,,,False,False,False,False,False,True,False,False
2026-09-16,46.0,46.0,43.85,44.09,1587440,False,PSX,-0.04235447437011286,0.9590620377621161,0.9039188953696966,0.020509535211345388,3.370019022345062,,,,,False,False,False,False,False,True,False,False
2026-09-17,44.97,45.18,44.35,44.77,386016,False,PSX,0.015422998412338407,0.9822721488437406,0.9237594140101105,0.02392206915525529,-0.7568311243259588,,,,,False,False,False,False,False,True,False,False
